Crop,CropYear,Season,State,Area,Production,AnnualRainfall,Fertilizer,Pesticide,Yield
Arecanut,2019,Kharif     ,Andhra Pradesh,1096,10418,899.2,188248.96,405.52,7.253333333
Arhar/Tur,2019,Kharif     ,Andhra Pradesh,237647,114451,899.2,40818248.72,87929.39,0.44
Arhar/Tur,2019,Rabi       ,Andhra Pradesh,5940,3747,899.2,1020254.4,2197.8,0.43
Bajra,2019,Kharif     ,Andhra Pradesh,20484,47045,899.2,3518331.84,7579.08,2.004545455
Bajra,2019,Rabi       ,Andhra Pradesh,4592,11322,899.2,788721.92,1699.04,2.48
Banana,2019,Whole Year ,Andhra Pradesh,97695,5861700,899.2,16780093.2,36147.15,60
Black pepper,2019,Whole Year ,Andhra Pradesh,17645,17645,899.2,3030705.2,6528.65,1
Cashewnut,2019,Kharif     ,Andhra Pradesh,115785,115785,899.2,19887231.6,42840.45,1
Castor seed,2019,Kharif     ,Andhra Pradesh,36827,25270,899.2,6325405.52,13625.99,0.7625
Castor seed,2019,Rabi       ,Andhra Pradesh,1056,637,899.2,181378.56,390.72,0.684
Coconut ,2019,Whole Year ,Andhra Pradesh,104027,1912224000,899.2,17867677.52,38489.99,16935.05846
Coriander,2019,Rabi       ,Andhra Pradesh,1119,553,899.2,192199.44,414.03,0.50375
Cotton(lint),2019,Kharif     ,Andhra Pradesh,653953,424486,899.2,112322967.3,241962.61,0.543846154
Cotton(lint),2019,Rabi       ,Andhra Pradesh,3474,11066,899.2,596694.24,1285.38,3.305
Cowpea(Lobia),2019,Kharif     ,Andhra Pradesh,5816,2612,899.2,998956.16,2151.92,0.503333333
Cowpea(Lobia),2019,Rabi       ,Andhra Pradesh,6792,3532,899.2,1166593.92,2513.04,0.630909091
Dry chillies,2019,Kharif     ,Andhra Pradesh,136183,725388,899.2,23390792.08,50387.71,4.526666667
Dry chillies,2019,Rabi       ,Andhra Pradesh,16899,79638,899.2,2902572.24,6252.63,4.034615385
Ginger,2019,Kharif     ,Andhra Pradesh,294,633,899.2,50497.44,108.78,1.922
Gram,2019,Rabi       ,Andhra Pradesh,458579,558745,899.2,78765529.04,169674.23,1.443636364
Groundnut,2019,Kharif     ,Andhra Pradesh,567875,621906,899.2,97538210,210113.75,2.255384615
Groundnut,2019,Rabi       ,Andhra Pradesh,93389,227739,899.2,16040494.64,34553.93,2.812307692
Guar seed,2019,Kharif     ,Andhra Pradesh,1,0,899.2,171.76,0.37,0
Guar seed,2019,Rabi       ,Andhra Pradesh,6,0,899.2,1030.56,2.22,0
Horse-gram,2019,Kharif     ,Andhra Pradesh,83567,39442,899.2,14353467.92,30919.79,0.251666667
Horse-gram,2019,Rabi       ,Andhra Pradesh,29995,16670,899.2,5151941.2,11098.15,0.606923077
Jowar,2019,Kharif     ,Andhra Pradesh,36981,38880,899.2,6351856.56,13682.97,1.149
Jowar,2019,Rabi       ,Andhra Pradesh,117962,350076,899.2,20261153.12,43645.94,2.358
Linseed,2019,Kharif     ,Andhra Pradesh,133,0,899.2,22844.08,49.21,0
Maize,2019,Kharif     ,Andhra Pradesh,95591,450932,899.2,16418710.16,35368.67,4.653076923
Maize,2019,Rabi       ,Andhra Pradesh,205100,1670288,899.2,35227976,75887,6.698461538
Mesta,2019,Kharif     ,Andhra Pradesh,1714,18265,899.2,294396.64,634.18,10.135
Moong(Green Gram),2019,Kharif     ,Andhra Pradesh,13444,5138,899.2,2309141.44,4974.28,0.625384615
Moong(Green Gram),2019,Rabi       ,Andhra Pradesh,93535,81072,899.2,16065571.6,34607.95,0.885384615
Niger seed,2019,Rabi       ,Andhra Pradesh,4256,1409,899.2,731010.56,1574.72,0.33
Oilseeds total,2019,Kharif     ,Andhra Pradesh,712037,2914652,899.2,122299475.1,263453.69,8.527692308
Oilseeds total,2019,Rabi       ,Andhra Pradesh,141100,250093,899.2,24235336,52207,1.720769231
Onion,2019,Kharif     ,Andhra Pradesh,23864,524198,899.2,4098880.64,8829.68,22.22444444
Onion,2019,Rabi       ,Andhra Pradesh,12250,256890,899.2,2104060,4532.5,21.7675
Other  Rabi pulses,2019,Rabi       ,Andhra Pradesh,10770,11296,899.2,1849855.2,3984.9,1.23
Other Kharif pulses,2019,Kharif     ,Andhra Pradesh,1715,850,899.2,294568.4,634.55,0.656666667
Potato,2019,Kharif     ,Andhra Pradesh,453,6648,899.2,77807.28,167.61,12.21
Potato,2019,Rabi       ,Andhra Pradesh,1050,15919,899.2,180348,388.5,13.155
Ragi,2019,Kharif     ,Andhra Pradesh,25660,31913,899.2,4407361.6,9494.2,1.315
Ragi,2019,Rabi       ,Andhra Pradesh,7893,12385,899.2,1355701.68,2920.41,1.588888889
Rapeseed &Mustard,2019,Rabi       ,Andhra Pradesh,1882,912,899.2,323252.32,696.34,0.375
Rice,2019,Kharif     ,Andhra Pradesh,1526425,5342033,899.2,262178758,564777.25,3.517692308
Rice,2019,Rabi       ,Andhra Pradesh,829557,3798058,899.2,142484710.3,306936.09,3.873076923
Safflower,2019,Rabi       ,Andhra Pradesh,710,348,899.2,121949.6,262.7,0.475
Sannhamp,2019,Kharif     ,Andhra Pradesh,3365,0,899.2,577972.4,1245.05,0
Sannhamp,2019,Rabi       ,Andhra Pradesh,1133,0,899.2,194604.08,419.21,0
Sesamum,2019,Kharif     ,Andhra Pradesh,6197,1316,899.2,1064396.72,2292.89,0.286
Sesamum,2019,Rabi       ,Andhra Pradesh,32989,12129,899.2,5666190.64,12205.93,0.333076923
Small millets,2019,Kharif     ,Andhra Pradesh,19344,18085,899.2,3322525.44,7157.28,0.758333333
Small millets,2019,Rabi       ,Andhra Pradesh,3966,3990,899.2,681200.16,1467.42,0.921428571
Soyabean,2019,Kharif     ,Andhra Pradesh,1354,2367,899.2,232563.04,500.98,1.13
Soyabean,2019,Rabi       ,Andhra Pradesh,24,42,899.2,4122.24,8.88,1.39
Sugarcane,2019,Kharif     ,Andhra Pradesh,85911,6714729,899.2,14756073.36,31787.07,83.44538462
Sunflower,2019,Kharif     ,Andhra Pradesh,1869,1306,899.2,321019.44,691.53,1.23
Sunflower,2019,Rabi       ,Andhra Pradesh,6794,6877,899.2,1166937.44,2513.78,0.967692308
Sweet potato,2019,Kharif     ,Andhra Pradesh,54,895,899.2,9275.04,19.98,18.038
Sweet potato,2019,Rabi       ,Andhra Pradesh,360,6271,899.2,61833.6,133.2,16.747
Tapioca,2019,Kharif     ,Andhra Pradesh,6986,84845,899.2,1199915.36,2584.82,13.61166667
Tapioca,2019,Rabi       ,Andhra Pradesh,54,512,899.2,9275.04,19.98,14.415
Tobacco,2019,Kharif     ,Andhra Pradesh,36504,375719,899.2,6269927.04,13506.48,8.732352941
Tobacco,2019,Rabi       ,Andhra Pradesh,78051,165535,899.2,13406039.76,28878.87,2.428181818
Urad,2019,Kharif     ,Andhra Pradesh,15242,14254,899.2,2617965.92,5639.54,0.834615385
Urad,2019,Rabi       ,Andhra Pradesh,287929,315055,899.2,49454685.04,106533.73,0.944615385
Wheat,2019,Rabi       ,Andhra Pradesh,37,11,899.2,6355.12,13.69,0.155
other oilseeds,2019,Kharif     ,Andhra Pradesh,97782,2262487,899.2,16795036.32,36179.34,16.12818182
Arecanut,2019,Kharif     ,Puducherry,52,78,1317,8931.52,19.24,1.5
Bajra,2019,Kharif     ,Puducherry,14,36,1317,2404.64,5.18,2.57
Bajra,2019,Rabi       ,Puducherry,1,3,1317,171.76,0.37,3
Bajra,2019,Summer     ,Puducherry,7,18,1317,1202.32,2.59,2.57
Banana,2019,Kharif     ,Puducherry,273,16637,1317,46890.48,101.01,32.76666667
Black pepper,2019,Kharif     ,Puducherry,11,15,1317,1889.36,4.07,1.36
Cashewnut,2019,Kharif     ,Puducherry,145,65,1317,24905.2,53.65,0.426666667
Coconut ,2019,Whole Year ,Puducherry,1857,18661000,1317,318958.32,687.09,9474.625
Cotton(lint),2019,Kharif     ,Puducherry,500,1248,1317,85880,185,2.745
Dry chillies,2019,Kharif     ,Puducherry,2,26,1317,343.52,0.74,13
Dry chillies,2019,Rabi       ,Puducherry,3,41,1317,515.28,1.11,13.67
Dry chillies,2019,Summer     ,Puducherry,2,26,1317,343.52,0.74,13
Groundnut,2019,Kharif     ,Puducherry,1,3,1317,171.76,0.37,3
Groundnut,2019,Rabi       ,Puducherry,231,693,1317,39676.56,85.47,3
Groundnut,2019,Summer     ,Puducherry,21,63,1317,3606.96,7.77,3
Moong(Green Gram),2019,Rabi       ,Puducherry,12,9,1317,2061.12,4.44,0.75
Moong(Green Gram),2019,Summer     ,Puducherry,629,156,1317,108037.04,232.73,0.606666667
Onion,2019,Kharif     ,Puducherry,2,10,1317,343.52,0.74,5
Onion,2019,Summer     ,Puducherry,1,5,1317,171.76,0.37,5
Other  Rabi pulses,2019,Rabi       ,Puducherry,53,42,1317,9103.28,19.61,0.79
Other Kharif pulses,2019,Kharif     ,Puducherry,5,4,1317,858.8,1.85,0.8
Other Summer Pulses,2019,Summer     ,Puducherry,21,17,1317,3606.96,7.77,0.81
Ragi,2019,Kharif     ,Puducherry,32,77,1317,5496.32,11.84,2.41
Ragi,2019,Rabi       ,Puducherry,4,10,1317,687.04,1.48,2.5
Ragi,2019,Summer     ,Puducherry,23,55,1317,3950.48,8.51,2.39
Rice,2019,Kharif     ,Puducherry,4323,15171,1317,742518.48,1599.51,3.216666667
Rice,2019,Rabi       ,Puducherry,9397,28114,1317,1614028.72,3476.89,3.883333333
Rice,2019,Summer     ,Puducherry,4518,16060,1317,776011.68,1671.66,3.55
Sesamum,2019,Kharif     ,Puducherry,2,2,1317,343.52,0.74,1
Sesamum,2019,Rabi       ,Puducherry,10,10,1317,1717.6,3.7,1
Sesamum,2019,Summer     ,Puducherry,203,152,1317,34867.28,75.11,0.57
Small millets,2019,Kharif     ,Puducherry,14,17,1317,2404.64,5.18,1.21
Sugarcane,2019,Kharif     ,Puducherry,1308,183120,1317,224662.08,483.96,140
Sweet potato,2019,Kharif     ,Puducherry,5,45,1317,858.8,1.85,9
Sweet potato,2019,Rabi       ,Puducherry,1,9,1317,171.76,0.37,9
Tapioca,2019,Kharif     ,Puducherry,170,4218,1317,29199.2,62.9,29.75
Tapioca,2019,Rabi       ,Puducherry,8,196,1317,1374.08,2.96,24.5
Turmeric,2019,Kharif     ,Puducherry,11,165,1317,1889.36,4.07,15
Urad,2019,Kharif     ,Puducherry,2,2,1317,343.52,0.74,1
Urad,2019,Rabi       ,Puducherry,146,146,1317,25076.96,54.02,1
Urad,2019,Summer     ,Puducherry,321,139,1317,55134.96,118.77,0.723333333
Arecanut,2019,Rabi       ,Assam,67223,52124,2084.7,11546222.48,24872.51,0.758181818
Arhar/Tur,2019,Kharif     ,Assam,5830,5040,2084.7,1001360.8,2157.1,0.865925926
Banana,2019,Whole Year ,Assam,49445,906683,2084.7,8492673.2,18294.65,18.07555556
Black pepper,2019,Whole Year ,Assam,3410,7664,2084.7,585701.6,1261.7,2.28962963
Castor seed,2019,Kharif     ,Assam,748,345,2084.7,128476.48,276.76,0.632272727
Coconut ,2019,Whole Year ,Assam,20800,148629000,2084.7,3572608,7696,7582.287813
Cotton(lint),2019,Kharif     ,Assam,789,417,2084.7,135518.64,291.93,0.674444444
Dry chillies,2019,Whole Year ,Assam,19835,19413,2084.7,3406859.6,7338.95,0.918888889
Ginger,2019,Whole Year ,Assam,17786,167803,2084.7,3054923.36,6580.82,9.395185185
Gram,2019,Rabi       ,Assam,2176,1523,2084.7,373749.76,805.12,0.648
Jute,2019,Kharif     ,Assam,64247,791512,2084.7,11035064.72,23771.39,11.66851852
Linseed,2019,Rabi       ,Assam,4885,3039,2084.7,839047.6,1807.45,0.588695652
Maize,2019,Kharif     ,Assam,36636,128036,2084.7,6292599.36,13555.32,3.155555556
Masoor,2019,Rabi       ,Assam,24122,18434,2084.7,4143194.72,8925.14,0.732962963
Mesta,2019,Kharif     ,Assam,3221,20010,2084.7,553238.96,1191.77,6.1756
Moong(Green Gram),2019,Rabi       ,Assam,10837,8163,2084.7,1861363.12,4009.69,0.705185185
Niger seed,2019,Kharif     ,Assam,5715,3195,2084.7,981608.4,2114.55,0.545416667
Onion,2019,Whole Year ,Assam,8155,88892,2084.7,1400702.8,3017.35,8.022962963
Other  Rabi pulses,2019,Rabi       ,Assam,15006,12467,2084.7,2577430.56,5552.22,0.695185185
Peas & beans (Pulses),2019,Rabi       ,Assam,27891,26081,2084.7,4790558.16,10319.67,1.035185185
Potato,2019,Whole Year ,Assam,104750,756222,2084.7,17991860,38757.5,7.303703704
Rapeseed &Mustard,2019,Rabi       ,Assam,287447,177226,2084.7,49371896.72,106355.39,0.583703704
Rice,2019,Autumn     ,Assam,127223,193215,2084.7,21851822.48,47072.51,1.464814815
Rice,2019,Summer     ,Assam,395518,1025571,2084.7,67934171.68,146341.66,2.492307692
Rice,2019,Winter     ,Assam,1878208,3996018,2084.7,322601006.1,694936.96,2.137037037
Sesamum,2019,Kharif     ,Assam,12027,8534,2084.7,2065757.52,4449.99,0.661481481
Small millets,2019,Kharif     ,Assam,5212,3226,2084.7,895213.12,1928.44,0.5792
Sugarcane,2019,Whole Year ,Assam,29703,1218118,2084.7,5101787.28,10990.11,38.92111111
Sweet potato,2019,Whole Year ,Assam,4926,25640,2084.7,846089.76,1822.62,5.578518519
Tapioca,2019,Whole Year ,Assam,3289,31794,2084.7,564918.64,1216.93,8.9104
Tobacco,2019,Whole Year ,Assam,114,62,2084.7,19580.64,42.18,0.590909091
Turmeric,2019,Whole Year ,Assam,16359,20885,2084.7,2809821.84,6052.83,1.284074074
Urad,2019,Rabi       ,Assam,58100,34757,2084.7,9979256,21497,0.618888889
Wheat,2019,Rabi       ,Assam,11336,14430,2084.7,1947071.36,4194.32,1.272083333
Arecanut,2019,Rabi       ,Meghalaya,18231,24032,3844.4,3131356.56,6745.47,1.296363636
Arhar/Tur,2019,Kharif     ,Meghalaya,1186,1540,3844.4,203707.36,438.82,1.122
Banana,2019,Kharif     ,Meghalaya,7284,94870,3844.4,1251099.84,2695.08,10.73090909
Black pepper,2019,Rabi       ,Meghalaya,1046,791,3844.4,179660.96,387.02,0.764545455
Cashewnut,2019,Rabi       ,Meghalaya,10471,14846,3844.4,1798498.96,3874.27,1.402
Castor seed,2019,Rabi       ,Meghalaya,72,65,3844.4,12366.72,26.64,1.004
Coriander,2019,Whole Year ,Meghalaya,490,1925,3844.4,84162.4,181.3,3.742
Cotton(lint),2019,Kharif     ,Meghalaya,7245,8697,3844.4,1244401.2,2680.65,1.158
Cowpea(Lobia),2019,Rabi       ,Meghalaya,1681,2549,3844.4,288728.56,621.97,1.633636364
Dry chillies,2019,Whole Year ,Meghalaya,2334,2367,3844.4,400887.84,863.58,1.224545455
Ginger,2019,Kharif     ,Meghalaya,9963,66379,3844.4,1711244.88,3686.31,9.668181818
Gram,2019,Rabi       ,Meghalaya,1869,2004,3844.4,321019.44,691.53,1.082
Jute,2019,Kharif     ,Meghalaya,6680,68562,3844.4,1147356.8,2471.6,9.946
Linseed,2019,Rabi       ,Meghalaya,95,57,3844.4,16317.2,35.15,0.61
Maize,2019,Kharif     ,Meghalaya,18174,41760,3844.4,3121566.24,6724.38,2.254545455
Masoor,2019,Rabi       ,Meghalaya,1260,1400,3844.4,216417.6,466.2,1.322857143
Mesta,2019,Kharif     ,Meghalaya,4480,26455,3844.4,769484.8,1657.6,6.312
Onion,2019,Rabi       ,Meghalaya,561,5037,3844.4,96357.36,207.57,8.431
Peas & beans (Pulses),2019,Rabi       ,Meghalaya,2340,4541,3844.4,401918.4,865.8,1.804545455
Potato,2019,Summer     ,Meghalaya,12577,143122,3844.4,2160225.52,4653.49,8.257272727
Potato,2019,Winter     ,Meghalaya,6366,44226,3844.4,1093424.16,2355.42,6.527272727
Rapeseed &Mustard,2019,Rabi       ,Meghalaya,9879,9242,3844.4,1696817.04,3655.23,0.890909091
Rice,2019,Autumn     ,Meghalaya,33480,78074,3844.4,5750524.8,12387.6,2.510909091
Rice,2019,Rabi       ,Meghalaya,13628,63081,3844.4,2340745.28,5042.36,2.57
Rice,2019,Winter     ,Meghalaya,63889,162321,3844.4,10973574.64,23638.93,2.36
Sesamum,2019,Rabi       ,Meghalaya,2382,2222,3844.4,409132.32,881.34,1.04
Small millets,2019,Rabi       ,Meghalaya,2893,2723,3844.4,496901.68,1070.41,1.1
Soyabean,2019,Kharif     ,Meghalaya,1873,3570,3844.4,321706.48,693.01,2.148181818
Sugarcane,2019,Whole Year ,Meghalaya,128,384,3844.4,21985.28,47.36,2.675
Sweet potato,2019,Kharif     ,Meghalaya,4734,15842,3844.4,813111.84,1751.58,3.699090909
Tapioca,2019,Kharif     ,Meghalaya,5424,35658,3844.4,931626.24,2006.88,7.553636364
Tobacco,2019,Rabi       ,Meghalaya,803,798,3844.4,137923.28,297.11,1.056666667
Turmeric,2019,Whole Year ,Meghalaya,2980,18614,3844.4,511844.8,1102.6,5.923636364
Wheat,2019,Rabi       ,Meghalaya,464,898,3844.4,79696.64,171.68,1.638
Arecanut,2019,Whole Year ,Goa,1971,3704,4489.5,338538.96,729.27,1.965
Banana,2019,Whole Year ,Goa,2460,30898,4489.5,422529.6,910.2,13.095
Black pepper,2019,Whole Year ,Goa,843,315,4489.5,144793.68,311.91,0.37
Cashewnut,2019,Whole Year ,Goa,56476,28630,4489.5,9700317.76,20896.12,0.485
Coconut ,2019,Whole Year ,Goa,26542,167000000,4489.5,4558853.92,9820.54,6359.69
Groundnut,2019,Kharif     ,Goa,2,5,4489.5,343.52,0.74,2.5
Groundnut,2019,Rabi       ,Goa,168,426,4489.5,28855.68,62.16,2.54
Other  Rabi pulses,2019,Rabi       ,Goa,4397,3855,4489.5,755228.72,1626.89,0.88
Other Kharif pulses,2019,Kharif     ,Goa,1,0,4489.5,171.76,0.37,0
Rice,2019,Kharif     ,Goa,24411,60556,4489.5,4192833.36,9032.07,2.475
Rice,2019,Rabi       ,Goa,10287,29819,4489.5,1766895.12,3806.19,2.95
Sugarcane,2019,Whole Year ,Goa,811,53708,4489.5,139297.36,300.07,70.115
Sweet potato,2019,Whole Year ,Goa,66,164,4489.5,11336.16,24.42,2.53
other oilseeds,2019,Whole Year ,Goa,684,1865,4489.5,117483.84,253.08,2.715
Arecanut,2019,Whole Year ,Karnataka,500522,5409381,1422.3,85969658.72,185193.14,10.7724
Arhar/Tur,2019,Kharif     ,Karnataka,1626389,1125991,1422.3,279348574.6,601763.93,0.657586207
Bajra,2019,Kharif     ,Karnataka,328048,355678,1422.3,56345524.48,121377.76,1.106666667
Bajra,2019,Summer     ,Karnataka,10904,11378,1422.3,1872871.04,4034.48,1.038518519
Black pepper,2019,Whole Year ,Karnataka,160774,63026,1422.3,27614542.24,59486.38,0.394705882
Cardamom,2019,Whole Year ,Karnataka,1939,301,1422.3,333042.64,717.43,0.105238095
Cashewnut,2019,Whole Year ,Karnataka,45546,64596,1422.3,7822980.96,16852.02,1.41962963
Castor seed,2019,Kharif     ,Karnataka,4144,3818,1422.3,711773.44,1533.28,0.904545455
Coconut ,2019,Whole Year ,Karnataka,610324,5030774000,1422.3,104829250.2,225819.88,8344.984
Coriander,2019,Whole Year ,Karnataka,608,300,1422.3,104430.08,224.96,0.48
Cotton(lint),2019,Kharif     ,Karnataka,803067,2319158,1422.3,137934787.9,297134.79,2.51
Cotton(lint),2019,Rabi       ,Karnataka,14393,10392,1422.3,2472141.68,5325.41,0.721363636
Cowpea(Lobia),2019,Kharif     ,Karnataka,30586,8678,1422.3,5253451.36,11316.82,0.299333333
Cowpea(Lobia),2019,Rabi       ,Karnataka,11051,5396,1422.3,1898119.76,4088.87,0.458928571
Cowpea(Lobia),2019,Summer     ,Karnataka,4103,983,1422.3,704731.28,1518.11,0.197407407
Dry chillies,2019,Kharif     ,Karnataka,74078,129238,1422.3,12723637.28,27408.86,1.992352941
Garlic,2019,Whole Year ,Karnataka,1706,8741,1422.3,293022.56,631.22,5.177727273
Ginger,2019,Whole Year ,Karnataka,22388,234176,1422.3,3845362.88,8283.56,10.60275862
Gram,2019,Rabi       ,Karnataka,908637,674750,1422.3,156067491.1,336195.69,0.7125
Groundnut,2019,Kharif     ,Karnataka,413854,369876,1422.3,71083563.04,153125.98,0.949285714
Groundnut,2019,Rabi       ,Karnataka,2809,6504,1422.3,482473.84,1039.33,2.31
Groundnut,2019,Summer     ,Karnataka,113518,127045,1422.3,19497851.68,42001.66,1.157307692
Horse-gram,2019,Kharif     ,Karnataka,93699,71326,1422.3,16093740.24,34668.63,0.775185185
Horse-gram,2019,Rabi       ,Karnataka,76212,50531,1422.3,13090173.12,28198.44,0.6675
Jowar,2019,Kharif     ,Karnataka,178585,235257,1422.3,30673759.6,66076.45,1.383793103
Jowar,2019,Rabi       ,Karnataka,730334,801928,1422.3,125442167.8,270223.58,1.095517241
Jowar,2019,Summer     ,Karnataka,5069,8457,1422.3,870651.44,1875.53,1.702857143
Linseed,2019,Rabi       ,Karnataka,818,399,1422.3,140499.68,302.66,0.381
Maize,2019,Kharif     ,Karnataka,1355321,4228095,1422.3,232789935,501468.77,3.572068966
Maize,2019,Rabi       ,Karnataka,114070,394898,1422.3,19592663.2,42205.9,3.466785714
Maize,2019,Summer     ,Karnataka,31000,122718,1422.3,5324560,11470,3.905357143
Mesta,2019,Whole Year ,Karnataka,55,0,1422.3,9446.8,20.35,0
Moong(Green Gram),2019,Kharif     ,Karnataka,392336,138221,1422.3,67387631.36,145164.32,0.298461538
Moong(Green Gram),2019,Rabi       ,Karnataka,11109,2731,1422.3,1908081.84,4110.33,0.215416667
Moong(Green Gram),2019,Summer     ,Karnataka,310,51,1422.3,53245.6,114.7,0.088571429
Niger seed,2019,Kharif     ,Karnataka,999,245,1422.3,171588.24,369.63,0.207083333
Onion,2019,Kharif     ,Karnataka,155401,1255733,1422.3,26691675.76,57498.37,8.256153846
Onion,2019,Rabi       ,Karnataka,36940,515416,1422.3,6344814.4,13667.8,13.21884615
Onion,2019,Summer     ,Karnataka,10300,119070,1422.3,1769128,3811,11.37333333
Other  Rabi pulses,2019,Rabi       ,Karnataka,13219,12415,1422.3,2270495.44,4891.03,0.855
Other Kharif pulses,2019,Kharif     ,Karnataka,37740,30652,1422.3,6482222.4,13963.8,0.788333333
Potato,2019,Kharif     ,Karnataka,17797,124958,1422.3,3056812.72,6584.89,7.178214286
Potato,2019,Rabi       ,Karnataka,4477,69340,1422.3,768969.52,1656.49,15.27291667
Potato,2019,Summer     ,Karnataka,458,7162,1422.3,78666.08,169.46,15.88222222
Ragi,2019,Kharif     ,Karnataka,625797,1092419,1422.3,107486892.7,231544.89,1.675357143
Ragi,2019,Rabi       ,Karnataka,41861,59315,1422.3,7190045.36,15488.57,1.409259259
Ragi,2019,Summer     ,Karnataka,6055,10797,1422.3,1040006.8,2240.35,1.806666667
Rapeseed &Mustard,2019,Kharif     ,Karnataka,230,54,1422.3,39504.8,85.1,0.166842105
Rice,2019,Kharif     ,Karnataka,964087,3088937,1422.3,165591583.1,356712.19,2.924
Rice,2019,Rabi       ,Karnataka,11266,31038,1422.3,1935048.16,4168.42,2.881428571
Rice,2019,Summer     ,Karnataka,272701,827998,1422.3,46839123.76,100899.37,2.86862069
Safflower,2019,Rabi       ,Karnataka,26593,24556,1422.3,4567613.68,9839.41,0.8256
Sannhamp,2019,Whole Year ,Karnataka,2081,1238,1422.3,357432.56,769.97,0.644615385
Sesamum,2019,Kharif     ,Karnataka,30964,26306,1422.3,5318376.64,11456.68,0.818888889
Small millets,2019,Kharif     ,Karnataka,52381,38089,1422.3,8996960.56,19380.97,0.555357143
Soyabean,2019,Kharif     ,Karnataka,336850,378700,1422.3,57857356,124634.5,1.065555556
Sugarcane,2019,Whole Year ,Karnataka,428540,36034028,1422.3,73606030.4,158559.8,81.45551724
Sunflower,2019,Kharif     ,Karnataka,105942,80163,1422.3,18196597.92,39198.54,0.726
Sunflower,2019,Rabi       ,Karnataka,25163,18299,1422.3,4321996.88,9310.31,0.904210526
Sunflower,2019,Summer     ,Karnataka,4487,4869,1422.3,770687.12,1660.19,1.268181818
Sweet potato,2019,Whole Year ,Karnataka,5105,98495,1422.3,876834.8,1888.85,18.80518519
Tapioca,2019,Whole Year ,Karnataka,860,10921,1422.3,147713.6,318.2,12.70956522
Tobacco,2019,Whole Year ,Karnataka,95479,83000,1422.3,16399473.04,35327.23,0.883076923
Turmeric,2019,Whole Year ,Karnataka,20740,132668,1422.3,3562302.4,7673.8,6.133571429
Urad,2019,Kharif     ,Karnataka,68513,32210,1422.3,11767792.88,25349.81,0.384285714
Urad,2019,Rabi       ,Karnataka,2875,1341,1422.3,493810,1063.75,0.3375
Urad,2019,Summer     ,Karnataka,223,105,1422.3,38302.48,82.51,0.437272727
Wheat,2019,Rabi       ,Karnataka,158319,180114,1422.3,27192871.44,58578.03,1.08125
Arecanut,2019,Whole Year ,Kerala,96921,92755,3119.2,16647150.96,35860.77,0.674285714
Arhar/Tur,2019,Whole Year ,Kerala,313,522,3119.2,53760.88,115.81,1.335
Banana,2019,Whole Year ,Kerala,60678,548425,3119.2,10422053.28,22450.86,8.815
Black pepper,2019,Whole Year ,Kerala,83765,34545,3119.2,14387476.4,30993.05,0.327142857
Cardamom,2019,Whole Year ,Kerala,39697,10076,3119.2,6818356.72,14687.89,0.062857143
Cashewnut,2019,Whole Year ,Kerala,39898,19444,3119.2,6852880.48,14762.26,0.273571429
Coconut ,2019,Whole Year ,Kerala,760776,4814000000,3119.2,130670885.8,281487.12,5882.037143
Cotton(lint),2019,Whole Year ,Kerala,54,82,3119.2,9275.04,19.98,1.51
Garlic,2019,Whole Year ,Kerala,191,990,3119.2,32806.16,70.67,5.18
Ginger,2019,Whole Year ,Kerala,2819,11917,3119.2,484191.44,1043.03,3.65
Gram,2019,Whole Year ,Kerala,600,454,3119.2,103056,222,0.767142857
Groundnut,2019,Whole Year ,Kerala,117,147,3119.2,20095.92,43.29,1.26
Jowar,2019,Whole Year ,Kerala,285,235,3119.2,48951.6,105.45,0.82
Maize,2019,Whole Year ,Kerala,113,140,3119.2,19408.88,41.81,1.82
Other  Rabi pulses,2019,Rabi       ,Kerala,1256,1131,3119.2,215730.56,464.72,1.098888889
Other Kharif pulses,2019,Kharif     ,Kerala,91,76,3119.2,15630.16,33.67,2.4
Potato,2019,Whole Year ,Kerala,490,6569,3119.2,84162.4,181.3,13.41
Ragi,2019,Whole Year ,Kerala,213,261,3119.2,36584.88,78.81,1.36
Rice,2019,Autumn     ,Kerala,55895,145076,3119.2,9600525.2,20681.15,1.949230769
Rice,2019,Summer     ,Kerala,61006,212586,3119.2,10478390.56,22572.22,2.815714286
Rice,2019,Winter     ,Kerala,81279,247879,3119.2,13960481.04,30073.23,2.503571429
Sesamum,2019,Whole Year ,Kerala,207.94,129,3119.2,35715.7744,76.9378,0.558
Small millets,2019,Kharif     ,Kerala,30,22,3119.2,5152.8,11.1,0.73
Small millets,2019,Rabi       ,Kerala,27,21,3119.2,4637.52,9.99,0.78
Sugarcane,2019,Whole Year ,Kerala,950.04,120835,3119.2,163178.8704,351.5148,83.834
Sunflower,2019,Whole Year ,Kerala,1,1,3119.2,171.76,0.37,1
Sweet potato,2019,Whole Year ,Kerala,194,2782,3119.2,33321.44,71.78,13.1125
Tapioca,2019,Whole Year ,Kerala,62070,2592633,3119.2,10661143.2,22965.9,41.95142857
Tobacco,2019,Whole Year ,Kerala,8,14,3119.2,1374.08,2.96,1.8
Turmeric,2019,Whole Year ,Kerala,2277,6653,3119.2,391097.52,842.49,2.848571429
Wheat,2019,Whole Year ,Kerala,1,2,3119.2,171.76,0.37,2
Arecanut,2019,Whole Year ,Tamil Nadu,6843,13543,910.1,1175353.68,2531.91,2.17
Arhar/Tur,2019,Kharif     ,Tamil Nadu,38920,49905,910.1,6684899.2,14400.4,1.2748
Arhar/Tur,2019,Rabi       ,Tamil Nadu,2894,3331,910.1,497073.44,1070.78,1.2344
Bajra,2019,Kharif     ,Tamil Nadu,50298,140059,910.1,8639184.48,18610.26,2.9272
Bajra,2019,Rabi       ,Tamil Nadu,17194,45024,910.1,2953241.44,6361.78,2.6984
Banana,2019,Whole Year ,Tamil Nadu,92440,3987895,910.1,15877494.4,34202.8,42.7084375
Black pepper,2019,Whole Year ,Tamil Nadu,6080,1306,910.1,1044300.8,2249.6,0.175555556
Cardamom,2019,Whole Year ,Tamil Nadu,3831,348,910.1,658012.56,1417.47,0.093333333
Cashewnut,2019,Whole Year ,Tamil Nadu,83977,25687,910.1,14423889.52,31071.49,0.335172414
Castor seed,2019,Kharif     ,Tamil Nadu,5259,1646,910.1,903285.84,1945.83,0.306428571
Coconut ,2019,Whole Year ,Tamil Nadu,438935,4946800000,910.1,75391475.6,162405.95,8795.260556
Coriander,2019,Whole Year ,Tamil Nadu,7397,3675,910.1,1270508.72,2736.89,0.470909091
Cotton(lint),2019,Kharif     ,Tamil Nadu,96681,235305,910.1,16605928.56,35771.97,2.533461538
Cotton(lint),2019,Rabi       ,Tamil Nadu,72817,182776,910.1,12507047.92,26942.29,2.717307692
Cowpea(Lobia),2019,Kharif     ,Tamil Nadu,47877,37536,910.1,8223353.52,17714.49,0.775833333
Cowpea(Lobia),2019,Rabi       ,Tamil Nadu,17959,12609,910.1,3084637.84,6644.83,0.6812
Dry chillies,2019,Whole Year ,Tamil Nadu,47991,29618,910.1,8242934.16,17756.67,0.919285714
Garlic,2019,Whole Year ,Tamil Nadu,1433,8519,910.1,246132.08,530.21,5.5525
Ginger,2019,Whole Year ,Tamil Nadu,193,3038,910.1,33149.68,71.41,16.075
Gram,2019,Rabi       ,Tamil Nadu,5552,5138,910.1,953611.52,2054.24,0.871538462
Groundnut,2019,Kharif     ,Tamil Nadu,209159,518418,910.1,35925149.84,77388.83,2.512333333
Groundnut,2019,Rabi       ,Tamil Nadu,137484,514485,910.1,23614251.84,50869.08,3.673448276
Horse-gram,2019,Kharif     ,Tamil Nadu,2439,1697,910.1,418922.64,902.43,0.725
Horse-gram,2019,Rabi       ,Tamil Nadu,76619,59679,910.1,13160079.44,28349.03,0.719565217
Jowar,2019,Kharif     ,Tamil Nadu,231845,276627,910.1,39821697.2,85782.65,1.238846154
Jowar,2019,Rabi       ,Tamil Nadu,218155,243194,910.1,37470302.8,80717.35,1.281851852
Maize,2019,Kharif     ,Tamil Nadu,168587,1506526,910.1,28956503.12,62377.19,8.614827586
Maize,2019,Rabi       ,Tamil Nadu,164978,1108221,910.1,28336621.28,61041.86,6.841666667
Moong(Green Gram),2019,Kharif     ,Tamil Nadu,22747,13049,910.1,3907024.72,8416.39,0.587407407
Moong(Green Gram),2019,Rabi       ,Tamil Nadu,149191,63365,910.1,25625046.16,55200.67,0.47137931
Onion,2019,Kharif     ,Tamil Nadu,11137,101952,910.1,1912891.12,4120.69,9.088148148
Onion,2019,Rabi       ,Tamil Nadu,22663,159883,910.1,3892596.88,8385.31,7.237407407
Other  Rabi pulses,2019,Rabi       ,Tamil Nadu,21610,14045,910.1,3711733.6,7995.7,0.776666667
Other Cereals,2019,Kharif     ,Tamil Nadu,2172,3175,910.1,373062.72,803.64,1.121875
Other Cereals,2019,Rabi       ,Tamil Nadu,5392,7193,910.1,926129.92,1995.04,1.282
Other Kharif pulses,2019,Kharif     ,Tamil Nadu,32430,27665,910.1,5570176.8,11999.1,0.746153846
Potato,2019,Kharif     ,Tamil Nadu,2900,60513,910.1,498104,1073,21.384
Potato,2019,Rabi       ,Tamil Nadu,1113,24207,910.1,191168.88,411.81,21.68
Ragi,2019,Kharif     ,Tamil Nadu,63650,190535,910.1,10932524,23550.5,2.928181818
Ragi,2019,Rabi       ,Tamil Nadu,20895,83939,910.1,3588925.2,7731.15,3.879230769
Rapeseed &Mustard,2019,Rabi       ,Tamil Nadu,137,33,910.1,23531.12,50.69,0.19
Rice,2019,Autumn     ,Tamil Nadu,206535,847692,910.1,35474451.6,76417.95,4.077241379
Rice,2019,Summer     ,Tamil Nadu,339990,1463054,910.1,58396682.4,125796.3,4.095
Rice,2019,Winter     ,Tamil Nadu,1360882,4954415,910.1,233745092.3,503526.34,3.818387097
Sesamum,2019,Kharif     ,Tamil Nadu,12123,6706,910.1,2082246.48,4485.51,0.534642857
Sesamum,2019,Rabi       ,Tamil Nadu,40895,29775,910.1,7024125.2,15131.15,0.680740741
Small millets,2019,Kharif     ,Tamil Nadu,17928,26280,910.1,3079313.28,6633.36,1.360769231
Sugarcane,2019,Whole Year ,Tamil Nadu,131207,14119210,910.1,22536114.32,48546.59,102.7843333
Sunflower,2019,Kharif     ,Tamil Nadu,168,168,910.1,28855.68,62.16,1
Sunflower,2019,Rabi       ,Tamil Nadu,4075,3663,910.1,699922,1507.75,1.099375
Sweet potato,2019,Whole Year ,Tamil Nadu,585,14383,910.1,100479.6,216.45,23.39619048
Tapioca,2019,Whole Year ,Tamil Nadu,81143,3065106,910.1,13937121.68,30022.91,40.04866667
Tobacco,2019,Whole Year ,Tamil Nadu,1658,2426,910.1,284778.08,613.46,1.397777778
Turmeric,2019,Whole Year ,Tamil Nadu,18432,96253,910.1,3165880.32,6819.84,5.298148148
Urad,2019,Kharif     ,Tamil Nadu,42597,35846,910.1,7316460.72,15760.89,0.854333333
Urad,2019,Rabi       ,Tamil Nadu,362726,281577,910.1,62301817.76,134208.62,0.759
Arhar/Tur,2019,Kharif     ,Arunachal Pradesh,819,712,2433.3,140671.44,303.03,0.872777778
Dry chillies,2019,Whole Year ,Arunachal Pradesh,3645,10498,2433.3,626065.2,1348.65,2.842
Ginger,2019,Whole Year ,Arunachal Pradesh,7900,55474,2433.3,1356904,2923,6.1016
Groundnut,2019,Kharif     ,Arunachal Pradesh,923,905,2433.3,158534.48,341.51,1.26
Maize,2019,Kharif     ,Arunachal Pradesh,51100,79205,2433.3,8776936,18907,1.6756
Masoor,2019,Rabi       ,Arunachal Pradesh,454,356,2433.3,77979.04,167.98,0.923846154
Moong(Green Gram),2019,Kharif     ,Arunachal Pradesh,1318,1354,2433.3,226379.68,487.66,1.121904762
Other  Rabi pulses,2019,Rabi       ,Arunachal Pradesh,1273,824,2433.3,218650.48,471.01,0.711052632
Other Kharif pulses,2019,Kharif     ,Arunachal Pradesh,2506,2346,2433.3,430430.56,927.22,0.9816
Peas & beans (Pulses),2019,Kharif     ,Arunachal Pradesh,674,688,2433.3,115766.24,249.38,1.056956522
Peas & beans (Pulses),2019,Rabi       ,Arunachal Pradesh,3704,5432,2433.3,636199.04,1370.48,1.773333333
Potato,2019,Whole Year ,Arunachal Pradesh,6200,44950,2433.3,1064912,2294,6.8024
Rapeseed &Mustard,2019,Rabi       ,Arunachal Pradesh,28261,28791,2433.3,4854109.36,10456.57,1.221666667
Rice,2019,Kharif     ,Arunachal Pradesh,133500,244741,2433.3,22929960,49395,1.7792
Sesamum,2019,Kharif     ,Arunachal Pradesh,2058,1835,2433.3,353482.08,761.46,0.847619048
Small millets,2019,Kharif     ,Arunachal Pradesh,26790,27460,2433.3,4601450.4,9912.3,1.0152
Soyabean,2019,Kharif     ,Arunachal Pradesh,3137,4447,2433.3,538811.12,1160.69,1.499583333
Sugarcane,2019,Whole Year ,Arunachal Pradesh,2146,46139,2433.3,368596.96,794.02,23.74764706
Sunflower,2019,Kharif     ,Arunachal Pradesh,574,469,2433.3,98590.24,212.38,0.836153846
Turmeric,2019,Whole Year ,Arunachal Pradesh,835,3758,2433.3,143419.6,308.95,4.297692308
Urad,2019,Kharif     ,Arunachal Pradesh,1148,1039,2433.3,197180.48,424.76,0.998695652
Urad,2019,Rabi       ,Arunachal Pradesh,1454,1400,2433.3,249739.04,537.98,1.089130435
Wheat,2019,Rabi       ,Arunachal Pradesh,3930,7742,2433.3,675016.8,1454.1,2.168333333
other oilseeds,2019,Kharif     ,Arunachal Pradesh,717,650,2433.3,123151.92,265.29,1.116666667
Arhar/Tur,2019,Kharif     ,Bihar,16754,28157,1194.7,2877667.04,6198.98,1.631176471
Bajra,2019,Kharif     ,Bihar,3159,3582,1194.7,542589.84,1168.83,1.1325
Barley,2019,Rabi       ,Bihar,7449,10201,1194.7,1279440.24,2756.13,1.295416667
Castor seed,2019,Kharif     ,Bihar,87,84,1194.7,14943.12,32.19,0.992
Coriander,2019,Whole Year ,Bihar,2229,2010,1194.7,382853.04,824.73,0.911818182
Garlic,2019,Whole Year ,Bihar,1650,2452,1194.7,283404,610.5,1.508181818
Ginger,2019,Whole Year ,Bihar,381,706,1194.7,65440.56,140.97,1.888888889
Gram,2019,Rabi       ,Bihar,52802,38529,1194.7,9069271.52,19536.74,0.751851852
Groundnut,2019,Kharif     ,Bihar,841,858,1194.7,144450.16,311.17,1.008
Horse-gram,2019,Kharif     ,Bihar,8077,7456,1194.7,1387305.52,2988.49,0.91875
Jowar,2019,Kharif     ,Bihar,631,673,1194.7,108380.56,233.47,1.0825
Jute,2019,Kharif     ,Bihar,48390,509650,1194.7,8311466.4,17904.3,13.32
Khesari,2019,Rabi       ,Bihar,43784,33287,1194.7,7520339.84,16200.08,0.767878788
Linseed,2019,Rabi       ,Bihar,8254,6974,1194.7,1417707.04,3053.98,0.849655172
Maize,2019,Autumn     ,Bihar,209307,434878,1194.7,35950570.32,77443.59,2.31625
Maize,2019,Rabi       ,Bihar,301268,2279174,1194.7,51745791.68,111469.16,5.7365625
Maize,2019,Summer     ,Bihar,162563,781348,1194.7,27921820.88,60148.31,4.237941176
Masoor,2019,Rabi       ,Bihar,143046,90159,1194.7,24569580.96,52927.02,0.773421053
Mesta,2019,Kharif     ,Bihar,13697,27956,1194.7,2352596.72,5067.89,2.530769231
Moong(Green Gram),2019,Kharif     ,Bihar,7383,4637,1194.7,1268104.08,2731.71,0.707307692
Moong(Green Gram),2019,Summer     ,Bihar,158285,105406,1194.7,27187031.6,58565.45,0.705789474
Onion,2019,Rabi       ,Bihar,12965,173086,1194.7,2226868.4,4797.05,12.60526316
Other  Rabi pulses,2019,Rabi       ,Bihar,1091,1096,1194.7,187390.16,403.67,1.002307692
Other Kharif pulses,2019,Kharif     ,Bihar,1684,1340,1194.7,289243.84,623.08,0.8475
Peas & beans (Pulses),2019,Rabi       ,Bihar,17378,18059,1194.7,2984845.28,6429.86,1.01625
Potato,2019,Rabi       ,Bihar,82888,1139389,1194.7,14236842.88,30668.56,13.67526316
Potato,2019,Winter     ,Bihar,74181,1071615,1194.7,12741328.56,27446.97,14.46027778
Ragi,2019,Kharif     ,Bihar,2755,2193,1194.7,473198.8,1019.35,0.845238095
Rapeseed &Mustard,2019,Rabi       ,Bihar,75240,89345,1194.7,12923222.4,27838.8,1.111351351
Rice,2019,Autumn     ,Bihar,443965,727611,1194.7,76255428.4,164267.05,1.759583333
Rice,2019,Summer     ,Bihar,60399,128812,1194.7,10374132.24,22347.63,2.142857143
Rice,2019,Winter     ,Bihar,2593026,6096095,1194.7,445378145.8,959419.62,2.173157895
Safflower,2019,Rabi       ,Bihar,85,69,1194.7,14599.6,31.45,0.81
Sannhamp,2019,Kharif     ,Bihar,900,727,1194.7,154584,333,0.835625
Sesamum,2019,Kharif     ,Bihar,1299,1138,1194.7,223116.24,480.63,0.894347826
Small millets,2019,Kharif     ,Bihar,2049,1546,1194.7,351936.24,758.13,0.801666667
Soyabean,2019,Kharif     ,Bihar,19600,14779,1194.7,3366496,7252,0.75
Sugarcane,2019,Whole Year ,Bihar,223892,13578832,1194.7,38455689.92,82840.04,61.77419355
Sunflower,2019,Rabi       ,Bihar,8081,11485,1194.7,1387992.56,2989.97,1.3785
Tobacco,2019,Whole Year ,Bihar,10266,18027,1194.7,1763288.16,3798.42,1.7575
Turmeric,2019,Whole Year ,Bihar,2834,2889,1194.7,486767.84,1048.58,1.008
Urad,2019,Kharif     ,Bihar,7102,6289,1194.7,1219839.52,2627.74,0.890833333
Wheat,2019,Rabi       ,Bihar,2150180,5579348,1194.7,369314916.8,795566.6,2.569473684
Arhar/Tur,2019,Kharif     ,Chhattisgarh,35774,22466,1420.3,6144542.24,13236.38,0.585714286
Bajra,2019,Kharif     ,Chhattisgarh,96,50,1420.3,16488.96,35.52,0.696
Bajra,2019,Whole Year ,Chhattisgarh,2008,32314,1420.3,344894.08,742.96,17.71173913
Barley,2019,Rabi       ,Chhattisgarh,1786,1088,1420.3,306763.36,660.82,0.697272727
Castor seed,2019,Kharif     ,Chhattisgarh,12,4,1420.3,2061.12,4.44,0.3575
Coconut ,2019,Whole Year ,Chhattisgarh,55,0,1420.3,9446.8,20.35,0
Coriander,2019,Whole Year ,Chhattisgarh,1431,398,1420.3,245788.56,529.47,0.264444444
Cotton(lint),2019,Whole Year ,Chhattisgarh,2692,4921,1420.3,462377.92,996.04,2.145714286
Dry chillies,2019,Whole Year ,Chhattisgarh,4913,2948,1420.3,843856.88,1817.81,0.609285714
Garlic,2019,Whole Year ,Chhattisgarh,1091,2831,1420.3,187390.16,403.67,3.193846154
Ginger,2019,Whole Year ,Chhattisgarh,1162,1503,1420.3,199585.12,429.94,1.413181818
Gram,2019,Rabi       ,Chhattisgarh,419934,105823,1420.3,72127863.84,155375.58,0.397407407
Groundnut,2019,Kharif     ,Chhattisgarh,22102,33683,1420.3,3796239.52,8177.74,1.49
Horse-gram,2019,Kharif     ,Chhattisgarh,25983,10152,1420.3,4462840.08,9613.71,0.406956522
Horse-gram,2019,Rabi       ,Chhattisgarh,345,99,1420.3,59257.2,127.65,0.262727273
Jowar,2019,Whole Year ,Chhattisgarh,1966,2535,1420.3,337680.16,727.42,1.22
Jute,2019,Kharif     ,Chhattisgarh,35,0,1420.3,6011.6,12.95,0
Khesari,2019,Rabi       ,Chhattisgarh,188588,60914,1420.3,32391874.88,69777.56,0.28125
Linseed,2019,Rabi       ,Chhattisgarh,13004,4811,1420.3,2233567.04,4811.48,0.311923077
Maize,2019,Kharif     ,Chhattisgarh,130433,406821,1420.3,22403172.08,48260.21,2.808214286
Masoor,2019,Rabi       ,Chhattisgarh,14347,4672,1420.3,2464240.72,5308.39,0.314347826
Mesta,2019,Kharif     ,Chhattisgarh,556,1116,1420.3,95498.56,205.72,2.277857143
Moong(Green Gram),2019,Kharif     ,Chhattisgarh,3554,1476,1420.3,610435.04,1314.98,0.423703704
Moong(Green Gram),2019,Rabi       ,Chhattisgarh,2728,968,1420.3,468561.28,1009.36,0.362
Moong(Green Gram),2019,Summer     ,Chhattisgarh,153,0,1420.3,26279.28,56.61,0
Niger seed,2019,Kharif     ,Chhattisgarh,36318,6893,1420.3,6237979.68,13437.66,0.192941176
Onion,2019,Whole Year ,Chhattisgarh,4395,24013,1420.3,754885.2,1626.15,5.0708
Other  Rabi pulses,2019,Rabi       ,Chhattisgarh,2772,297,1420.3,476118.72,1025.64,0.235
Other Kharif pulses,2019,Kharif     ,Chhattisgarh,4213,1173,1420.3,723624.88,1558.81,0.265
Peas & beans (Pulses),2019,Rabi       ,Chhattisgarh,11655,4479,1420.3,2001862.8,4312.35,0.362592593
Potato,2019,Kharif     ,Chhattisgarh,1741,10093,1420.3,299034.16,644.17,6.59375
Potato,2019,Rabi       ,Chhattisgarh,8937,51808,1420.3,1535019.12,3306.69,6.473913043
Ragi,2019,Kharif     ,Chhattisgarh,4466,1194,1420.3,767080.16,1652.42,0.25
Rapeseed &Mustard,2019,Rabi       ,Chhattisgarh,35026,15692,1420.3,6016065.76,12959.62,0.431428571
Rice,2019,Kharif     ,Chhattisgarh,4266022,8569367,1420.3,732731938.7,1578428.14,1.936428571
Safflower,2019,Rabi       ,Chhattisgarh,100,34,1420.3,17176,37,0.377
Sannhamp,2019,Kharif     ,Chhattisgarh,471,240,1420.3,80898.96,174.27,0.405714286
Sesamum,2019,Kharif     ,Chhattisgarh,14952,6011,1420.3,2568155.52,5532.24,0.412857143
Small millets,2019,Kharif     ,Chhattisgarh,63110,18302,1420.3,10839773.6,23350.7,0.291851852
Soyabean,2019,Kharif     ,Chhattisgarh,75112,82999,1420.3,12901237.12,27791.44,1.096428571
Sugarcane,2019,Whole Year ,Chhattisgarh,31237,699040,1420.3,5365267.12,11557.69,17.92666667
Sunflower,2019,Whole Year ,Chhattisgarh,629,295,1420.3,108037.04,232.73,0.639333333
Sweet potato,2019,Whole Year ,Chhattisgarh,1666,10107,1420.3,286152.16,616.42,6.238695652
Tobacco,2019,Whole Year ,Chhattisgarh,9,6,1420.3,1545.84,3.33,0.72
Turmeric,2019,Whole Year ,Chhattisgarh,1030,858,1420.3,176912.8,381.1,1.156923077
Urad,2019,Kharif     ,Chhattisgarh,74267,24305,1420.3,12756099.92,27478.79,0.331428571
Urad,2019,Rabi       ,Chhattisgarh,1796,539,1420.3,308480.96,664.52,0.3096
Wheat,2019,Rabi       ,Chhattisgarh,116274,135888,1420.3,19971222.24,43021.38,1.336538462
Arhar/Tur,2019,Kharif     ,Gujarat,212698,210689,1067.8,36533008.48,78698.26,1.1225
Bajra,2019,Kharif     ,Gujarat,177351,308240,1067.8,30461807.76,65619.87,1.7028
Bajra,2019,Summer     ,Gujarat,272480,782722,1067.8,46801164.8,100817.6,2.934827586
Banana,2019,Whole Year ,Gujarat,30226,2255336,1067.8,5191617.76,11183.62,73.76285714
Castor seed,2019,Kharif     ,Gujarat,736591,1432107,1067.8,126516870.2,272538.67,1.908666667
Cotton(lint),2019,Kharif     ,Gujarat,2654636,8624334,1067.8,455960279.4,982215.32,3.182
Dry chillies,2019,Whole Year ,Gujarat,1414,4419,1067.8,242868.64,523.18,3.125
Garlic,2019,Whole Year ,Gujarat,11313,81245,1067.8,1943120.88,4185.81,7.213181818
Gram,2019,Rabi       ,Gujarat,405046,636475,1067.8,69570700.96,149867.02,1.489393939
Groundnut,2019,Kharif     ,Gujarat,1629275,4503628,1067.8,279844274,602831.75,2.6478125
Groundnut,2019,Summer     ,Gujarat,59423,142226,1067.8,10206494.48,21986.51,2.36
Guar seed,2019,Kharif     ,Gujarat,144786,105726,1067.8,24868443.36,53570.82,0.816315789
Jowar,2019,Kharif     ,Gujarat,28638,43518,1067.8,4918862.88,10596.06,1.448666667
Jowar,2019,Rabi       ,Gujarat,20277,23623,1067.8,3482777.52,7502.49,1.1125
Maize,2019,Kharif     ,Gujarat,300503,449952,1067.8,51614395.28,111186.11,1.603636364
Maize,2019,Rabi       ,Gujarat,132342,333579,1067.8,22731061.92,48966.54,2.556190476
Maize,2019,Summer     ,Gujarat,5516,12676,1067.8,947428.16,2040.92,2.189
Moong(Green Gram),2019,Kharif     ,Gujarat,91512,58758,1067.8,15718101.12,33859.44,0.653571429
Moong(Green Gram),2019,Summer     ,Gujarat,43414,45370,1067.8,7456788.64,16063.18,1.031818182
Moth,2019,Kharif     ,Gujarat,11559,5336,1067.8,1985373.84,4276.83,0.453157895
Onion,2019,Rabi       ,Gujarat,41408,1211977,1067.8,7112238.08,15320.96,28.8925
Onion,2019,Summer     ,Gujarat,7176,204332,1067.8,1232549.76,2655.12,28.464
Other  Rabi pulses,2019,Rabi       ,Gujarat,35625,26665,1067.8,6118950,13181.25,0.799166667
Other Cereals,2019,Kharif     ,Gujarat,287,161,1067.8,49295.12,106.19,0.554
Other Kharif pulses,2019,Kharif     ,Gujarat,2578,1592,1067.8,442797.28,953.86,0.613333333
Potato,2019,Whole Year ,Gujarat,118353,3578238,1067.8,20328311.28,43790.61,29.24857143
Ragi,2019,Kharif     ,Gujarat,11606,10010,1067.8,1993446.56,4294.22,0.83
Rapeseed &Mustard,2019,Rabi       ,Gujarat,172618,333540,1067.8,29648867.68,63868.66,1.873636364
Rice,2019,Kharif     ,Gujarat,849599,1821136,1067.8,145927124.2,314351.63,1.948571429
Rice,2019,Summer     ,Gujarat,54751,161497,1067.8,9404031.76,20257.87,2.848571429
Sesamum,2019,Kharif     ,Gujarat,109958,56270,1067.8,18886386.08,40684.46,0.507931034
Sesamum,2019,Summer     ,Gujarat,55722,51278,1067.8,9570810.72,20617.14,0.723076923
Small millets,2019,Rabi       ,Gujarat,8179,13554,1067.8,1404825.04,3026.23,1.628571429
Soyabean,2019,Kharif     ,Gujarat,100624,132661,1067.8,17283178.24,37230.88,1.314705882
Sugarcane,2019,Whole Year ,Gujarat,160940,11569942,1067.8,27643054.4,59547.8,70.57
Tobacco,2019,Kharif     ,Gujarat,48234,94813,1067.8,8284671.84,17846.58,1.93125
Tobacco,2019,Rabi       ,Gujarat,114029,292868,1067.8,19585621.04,42190.73,2.6325
Urad,2019,Kharif     ,Gujarat,86469,52291,1067.8,14851915.44,31993.53,0.700625
Urad,2019,Summer     ,Gujarat,13456,21329,1067.8,2311202.56,4978.72,1.580625
Wheat,2019,Rabi       ,Gujarat,1393487,4553681,1067.8,239345327.1,515590.19,3.1434375
Arhar/Tur,2019,Kharif     ,Haryana,1263,1404,351.8,216932.88,467.31,1.122857143
Bajra,2019,Kharif     ,Haryana,492900,1101500,351.8,84660504,182373,2.225238095
Barley,2019,Rabi       ,Haryana,12100,46600,351.8,2078296,4477,3.988235294
Castor seed,2019,Kharif     ,Haryana,6685,4454,351.8,1148215.6,2473.45,0.765
Coriander,2019,Whole Year ,Haryana,2163.6,6291,351.8,371619.936,800.532,3.844736842
Cotton(lint),2019,Kharif     ,Haryana,723000,2463000,351.8,124182480,267510,3.106875
Garlic,2019,Whole Year ,Haryana,3096,41622,351.8,531768.96,1145.52,11.068
Ginger,2019,Whole Year ,Haryana,74,623,351.8,12710.24,27.38,10.345
Gram,2019,Rabi       ,Haryana,43970,47090,351.8,7552287.2,16268.9,1.168888889
Groundnut,2019,Kharif     ,Haryana,2725,3089,351.8,468046,1008.25,1.037777778
Guar seed,2019,Kharif     ,Haryana,135806,120845,351.8,23326038.56,50248.22,0.88625
Horse-gram,2019,Kharif     ,Haryana,425,213,351.8,72998,157.25,0.666666667
Jowar,2019,Kharif     ,Haryana,29920,15770,351.8,5139059.2,11070.4,0.639333333
Maize,2019,Kharif     ,Haryana,6050,17290,351.8,1039148,2238.5,3.085263158
Masoor,2019,Rabi       ,Haryana,879,604,351.8,150977.04,325.23,0.9
Moong(Green Gram),2019,Kharif     ,Haryana,23852,15894,351.8,4096819.52,8825.24,0.5855
Moth,2019,Kharif     ,Haryana,410,76,351.8,70421.6,151.7,0.208333333
Onion,2019,Whole Year ,Haryana,23749,610443,351.8,4079128.24,8787.13,24.54181818
Peas & beans (Pulses),2019,Kharif     ,Haryana,13744,178280,351.8,2360669.44,5085.28,13.10181818
Peas & beans (Pulses),2019,Rabi       ,Haryana,2968,3957,351.8,509783.68,1098.16,1.18
Potato,2019,Whole Year ,Haryana,38200,982400,351.8,6561232,14134,25.395
Rapeseed &Mustard,2019,Rabi       ,Haryana,636400,1142200,351.8,109308064,235468,1.796818182
Rice,2019,Kharif     ,Haryana,1558900,5194600,351.8,267756664,576793,3.048095238
Sesamum,2019,Kharif     ,Haryana,422,337,351.8,72482.72,156.14,0.823333333
Sugarcane,2019,Whole Year ,Haryana,96300,7730300,351.8,16540488,35631,78.94444444
Sunflower,2019,Kharif     ,Haryana,9050,16730,351.8,1554428,3348.5,1.7625
Turmeric,2019,Whole Year ,Haryana,1753,20304,351.8,301095.28,648.61,12.75375
Urad,2019,Kharif     ,Haryana,265,136,351.8,45516.4,98.05,0.538333333
Wheat,2019,Rabi       ,Haryana,2533800,11876900,351.8,435205488,937506,4.618181818
other oilseeds,2019,Rabi       ,Haryana,5000,7700,351.8,858800,1850,1.604
Arhar/Tur,2019,Kharif     ,Himachal Pradesh,77,50,1217.7,13225.52,28.49,0.69
Bajra,2019,Kharif     ,Himachal Pradesh,107,109,1217.7,18378.32,39.59,1.005
Barley,2019,Rabi       ,Himachal Pradesh,20404,35413,1217.7,3504591.04,7549.48,1.748181818
Coriander,2019,Rabi       ,Himachal Pradesh,130,66,1217.7,22328.8,48.1,0.575
Cotton(lint),2019,Kharif     ,Himachal Pradesh,15,7,1217.7,2576.4,5.55,0.47
Dry chillies,2019,Kharif     ,Himachal Pradesh,583,276,1217.7,100136.08,215.71,0.484
Garlic,2019,Rabi       ,Himachal Pradesh,3943,2575,1217.7,677249.68,1458.91,0.672
Ginger,2019,Kharif     ,Himachal Pradesh,2264,10675,1217.7,388864.64,837.68,3.946666667
Gram,2019,Rabi       ,Himachal Pradesh,394,421,1217.7,67673.44,145.78,1.052222222
Groundnut,2019,Kharif     ,Himachal Pradesh,44,51,1217.7,7557.44,16.28,1.0825
Horse-gram,2019,Kharif     ,Himachal Pradesh,1633,1022,1217.7,280484.08,604.21,0.613
Linseed,2019,Rabi       ,Himachal Pradesh,820,342,1217.7,140843.2,303.4,0.415
Maize,2019,Kharif     ,Himachal Pradesh,287444,744603,1217.7,49371381.44,106354.28,2.630833333
Masoor,2019,Rabi       ,Himachal Pradesh,490,454,1217.7,84162.4,181.3,0.908888889
Moong(Green Gram),2019,Kharif     ,Himachal Pradesh,117,90,1217.7,20095.92,43.29,0.74875
Moth,2019,Kharif     ,Himachal Pradesh,28,22,1217.7,4809.28,10.36,0.755
Onion,2019,Rabi       ,Himachal Pradesh,952,7050,1217.7,163515.52,352.24,7.29
Other  Rabi pulses,2019,Rabi       ,Himachal Pradesh,9080,36316,1217.7,1559580.8,3359.6,4
Other Kharif pulses,2019,Kharif     ,Himachal Pradesh,6996,6541,1217.7,1201632.96,2588.52,0.925
Peas & beans (Pulses),2019,Rabi       ,Himachal Pradesh,2565,5167,1217.7,440564.4,949.05,2.062727273
Potato,2019,Kharif     ,Himachal Pradesh,2970,24480,1217.7,510127.2,1098.9,7.22375
Potato,2019,Rabi       ,Himachal Pradesh,7156,84443,1217.7,1229114.56,2647.72,10.83
Ragi,2019,Kharif     ,Himachal Pradesh,1757,2060,1217.7,301782.32,650.09,1.0725
Rapeseed &Mustard,2019,Rabi       ,Himachal Pradesh,8605,4911,1217.7,1477994.8,3183.85,0.535454545
Rice,2019,Kharif     ,Himachal Pradesh,72620,116879,1217.7,12473211.2,26869.4,1.656363636
Sesamum,2019,Kharif     ,Himachal Pradesh,379,191,1217.7,65097.04,140.23,0.481111111
Small millets,2019,Kharif     ,Himachal Pradesh,5214,4802,1217.7,895556.64,1929.18,0.865833333
Soyabean,2019,Kharif     ,Himachal Pradesh,556,949,1217.7,95498.56,205.72,1.63125
Sugarcane,2019,Whole Year ,Himachal Pradesh,1603,36143,1217.7,275331.28,593.11,16.91166667
Turmeric,2019,Kharif     ,Himachal Pradesh,285,197,1217.7,48951.6,105.45,0.747777778
Urad,2019,Kharif     ,Himachal Pradesh,7017,5155,1217.7,1205239.92,2596.29,0.777272727
Wheat,2019,Rabi       ,Himachal Pradesh,319098,619689,1217.7,54808272.48,118066.26,1.7575
Arhar/Tur,2019,Kharif     ,Jharkhand,230559,241565,1137.8,39600813.84,85306.83,1.055416667
Bajra,2019,Kharif     ,Jharkhand,288,206,1137.8,49466.88,106.56,0.604615385
Castor seed,2019,Kharif     ,Jharkhand,58,35,1137.8,9962.08,21.46,0.525
Gram,2019,Rabi       ,Jharkhand,230073,275506,1137.8,39517338.48,85127.01,1.2225
Groundnut,2019,Kharif     ,Jharkhand,26088,28782,1137.8,4480874.88,9652.56,0.977916667
Horse-gram,2019,Kharif     ,Jharkhand,20264,13618,1137.8,3480544.64,7497.68,0.645238095
Jowar,2019,Kharif     ,Jharkhand,1796,1351,1137.8,308480.96,664.52,0.816470588
Linseed,2019,Rabi       ,Jharkhand,39541,23093,1137.8,6791562.16,14630.17,0.581666667
Maize,2019,Kharif     ,Jharkhand,249127,494885,1137.8,42790053.52,92176.99,2.047916667
Maize,2019,Rabi       ,Jharkhand,7644,16043,1137.8,1312933.44,2828.28,1.985238095
Masoor,2019,Rabi       ,Jharkhand,62319,52920,1137.8,10703911.44,23058.03,0.8275
Moong(Green Gram),2019,Kharif     ,Jharkhand,22936,18556,1137.8,3939487.36,8486.32,0.805652174
Niger seed,2019,Kharif     ,Jharkhand,3117,1496,1137.8,535375.92,1153.29,0.481666667
Other  Rabi pulses,2019,Rabi       ,Jharkhand,20712,14628,1137.8,3557493.12,7663.44,0.714166667
Other Kharif pulses,2019,Kharif     ,Jharkhand,17041,11694,1137.8,2926962.16,6305.17,0.630526316
Peas & beans (Pulses),2019,Rabi       ,Jharkhand,59138,74697,1137.8,10157542.88,21881.06,1.232083333
Ragi,2019,Kharif     ,Jharkhand,14584,12766,1137.8,2504947.84,5396.08,0.879444444
Rapeseed &Mustard,2019,Rabi       ,Jharkhand,291431,231354,1137.8,50056188.56,107829.47,0.800833333
Rice,2019,Kharif     ,Jharkhand,1357726,3612589,1137.8,233203017.8,502358.62,2.663333333
Safflower,2019,Rabi       ,Jharkhand,319,158,1137.8,54791.44,118.03,0.484285714
Sesamum,2019,Kharif     ,Jharkhand,5844,2224,1137.8,1003765.44,2162.28,0.416842105
Soyabean,2019,Kharif     ,Jharkhand,1193,1023,1137.8,204909.68,441.41,0.850833333
Sunflower,2019,Kharif     ,Jharkhand,149,78,1137.8,25592.24,55.13,0.738333333
Sunflower,2019,Rabi       ,Jharkhand,398,218,1137.8,68360.48,147.26,0.65
Urad,2019,Kharif     ,Jharkhand,128440,111657,1137.8,22060854.4,47522.8,0.841666667
Wheat,2019,Rabi       ,Jharkhand,214780,439401,1137.8,36890612.8,79468.6,2.055
Arhar/Tur,2019,Kharif     ,Madhya Pradesh,249147,274809,1446.7,42793488.72,92184.39,0.886078431
Bajra,2019,Kharif     ,Madhya Pradesh,339656,785624,1446.7,58339314.56,125672.72,1.273404255
Banana,2019,Whole Year ,Madhya Pradesh,26634.09,1847636,1446.7,4574671.298,9854.6133,47.165
Barley,2019,Rabi       ,Madhya Pradesh,29737,63362,1446.7,5107627.12,11002.69,2.414285714
Coriander,2019,Whole Year ,Madhya Pradesh,292287.88,394760,1446.7,50203366.27,108146.5156,1.5634
Cotton(lint),2019,Kharif     ,Madhya Pradesh,650305,838905,1446.7,111696386.8,240612.85,0.826666667
Garlic,2019,Whole Year ,Madhya Pradesh,183713.76,1869431,1446.7,31554675.42,67974.0912,10.3632
Ginger,2019,Whole Year ,Madhya Pradesh,27479.56,438393,1446.7,4719889.226,10167.4372,15.64479167
Gram,2019,Rabi       ,Madhya Pradesh,1925684,3062879,1446.7,330755483.8,712503.08,1.626923077
Groundnut,2019,Kharif     ,Madhya Pradesh,217499,345171,1446.7,37357628.24,80474.63,1.464897959
Groundnut,2019,Summer     ,Madhya Pradesh,4089,6423,1446.7,702326.64,1512.93,1.290588235
Jowar,2019,Kharif     ,Madhya Pradesh,107875,164973,1446.7,18528610,39913.75,1.343
Jute,2019,Kharif     ,Madhya Pradesh,5,20,1446.7,858.8,1.85,4.5
Linseed,2019,Rabi       ,Madhya Pradesh,51519,44667,1446.7,8848903.44,19062.03,1.116530612
Maize,2019,Kharif     ,Madhya Pradesh,1516103,4369819,1446.7,260405851.3,560958.11,1.999411765
Maize,2019,Summer     ,Madhya Pradesh,20995,119761,1446.7,3606101.2,7768.15,2.768387097
Masoor,2019,Rabi       ,Madhya Pradesh,378678,294070,1446.7,65041733.28,140110.86,0.689591837
Mesta,2019,Kharif     ,Madhya Pradesh,806,317,1446.7,138438.56,298.22,0.415
Moong(Green Gram),2019,Kharif     ,Madhya Pradesh,45938,14329,1446.7,7890310.88,16997.06,0.358823529
Moong(Green Gram),2019,Summer     ,Madhya Pradesh,418554,575804,1446.7,71890835.04,154864.98,0.813673469
Niger seed,2019,Kharif     ,Madhya Pradesh,6210,2070,1446.7,1066629.6,2297.7,0.282222222
Onion,2019,Whole Year ,Madhya Pradesh,173886.5,4270702,1446.7,29866745.24,64338.005,23.21745098
Other  Rabi pulses,2019,Rabi       ,Madhya Pradesh,13357,9612,1446.7,2294198.32,4942.09,0.758636364
Peas & beans (Pulses),2019,Rabi       ,Madhya Pradesh,58110,48837,1446.7,9980973.6,21500.7,0.786862745
Potato,2019,Whole Year ,Madhya Pradesh,149435.36,3408608,1446.7,25667017.43,55291.0832,21.80117647
Rapeseed &Mustard,2019,Rabi       ,Madhya Pradesh,675079,1038355,1446.7,115951569,249779.23,1.3
Rice,2019,Kharif     ,Madhya Pradesh,3076000,7268659,1446.7,528333760,1138120,1.858
Rice,2019,Summer     ,Madhya Pradesh,34311,94770,1446.7,5893257.36,12695.07,0.8775
Safflower,2019,Rabi       ,Madhya Pradesh,11,4,1446.7,1889.36,4.07,0.54
Sesamum,2019,Kharif     ,Madhya Pradesh,315005,126053,1446.7,54105258.8,116551.85,0.5458
Small millets,2019,Kharif     ,Madhya Pradesh,79810,73907,1446.7,13708165.6,29529.7,0.5925
Soyabean,2019,Kharif     ,Madhya Pradesh,6194044,3856153,1446.7,1063888997,2291796.28,0.678431373
Sugarcane,2019,Whole Year ,Madhya Pradesh,124681,7414530,1446.7,21415208.56,46131.97,39.05510204
Sweet potato,2019,Whole Year ,Madhya Pradesh,5814.2,89432,1446.7,998646.992,2151.254,17.34657143
Turmeric,2019,Whole Year ,Madhya Pradesh,16271,285338,1446.7,2794706.96,6020.27,18.86708333
Urad,2019,Kharif     ,Madhya Pradesh,1761556,462639,1446.7,302564858.6,651775.72,0.356470588
Urad,2019,Summer     ,Madhya Pradesh,32389,40419,1446.7,5563134.64,11983.93,0.696571429
Wheat,2019,Rabi       ,Madhya Pradesh,10216517,37507219,1446.7,1754788960,3780111.29,3.519423077
Arhar/Tur,2019,Kharif     ,Maharashtra,1319102,1196801,1555.8,226568959.5,488067.74,0.840967742
Bajra,2019,Kharif     ,Maharashtra,672783,512321,1555.8,115557208.1,248929.71,0.579545455
Cotton(lint),2019,Kharif     ,Maharashtra,4491331,6639185,1555.8,771431012.6,1661792.47,2.831428571
Gram,2019,Rabi       ,Maharashtra,2043208,2240091,1555.8,350941406.1,755986.96,0.963030303
Groundnut,2019,Kharif     ,Maharashtra,221102,191433,1555.8,37976479.52,81807.74,0.680740741
Groundnut,2019,Summer     ,Maharashtra,69662,117539,1555.8,11965145.12,25774.94,1.765625
Jowar,2019,Kharif     ,Maharashtra,389881,273081,1555.8,66965960.56,144255.97,0.601481481
Jowar,2019,Rabi       ,Maharashtra,1981591,1591616,1555.8,340358070.2,733188.67,0.932222222
Linseed,2019,Rabi       ,Maharashtra,5493,1936,1555.8,943477.68,2032.41,0.313333333
Maize,2019,Kharif     ,Maharashtra,771711,1051683,1555.8,132549081.4,285533.07,1.363214286
Maize,2019,Rabi       ,Maharashtra,297952,795312,1555.8,51176235.52,110242.24,2.171333333
Maize,2019,Summer     ,Maharashtra,56994,112994,1555.8,9789289.44,21087.78,1.783913043
Moong(Green Gram),2019,Kharif     ,Maharashtra,386788,150720,1555.8,66434706.88,143111.56,0.406551724
Niger seed,2019,Kharif     ,Maharashtra,8126,1626,1555.8,1395721.76,3006.62,0.17
Other  Rabi pulses,2019,Rabi       ,Maharashtra,125126,66053,1555.8,21491641.76,46296.62,0.467241379
Other Cereals,2019,Kharif     ,Maharashtra,40981,22030,1555.8,7038896.56,15162.97,0.545714286
Other Cereals,2019,Rabi       ,Maharashtra,10655,3748,1555.8,1830102.8,3942.35,0.413809524
Other Cereals,2019,Summer     ,Maharashtra,61753,77375,1555.8,10606695.28,22848.61,1.175833333
Other Kharif pulses,2019,Kharif     ,Maharashtra,88528,38650,1555.8,15205569.28,32755.36,0.340689655
Other Summer Pulses,2019,Summer     ,Maharashtra,12685,5526,1555.8,2178775.6,4693.45,0.489473684
Ragi,2019,Kharif     ,Maharashtra,82225,87270,1555.8,14122966,30423.25,1.009411765
Rapeseed &Mustard,2019,Rabi       ,Maharashtra,10517,3204,1555.8,1806399.92,3891.29,0.323333333
Rice,2019,Kharif     ,Maharashtra,1478093,2701810,1555.8,253877253.7,546894.41,1.256296296
Rice,2019,Summer     ,Maharashtra,74896,195623,1555.8,12864136.96,27711.52,2.660833333
Safflower,2019,Rabi       ,Maharashtra,21603,14917,1555.8,3710531.28,7993.11,0.541666667
Sesamum,2019,Kharif     ,Maharashtra,20063,3617,1555.8,3446020.88,7423.31,0.184137931
Sesamum,2019,Rabi       ,Maharashtra,1884,589,1555.8,323595.84,697.08,0.292666667
Sesamum,2019,Summer     ,Maharashtra,4013,984,1555.8,689272.88,1484.81,0.187142857
Soyabean,2019,Kharif     ,Maharashtra,4123911,4825628,1555.8,708322953.4,1525847.07,1.153214286
Sugarcane,2019,Whole Year ,Maharashtra,822407,69312919,1555.8,141256626.3,304290.59,69.62148148
Sunflower,2019,Kharif     ,Maharashtra,19230,6780,1555.8,3302944.8,7115.1,0.346818182
Sunflower,2019,Rabi       ,Maharashtra,3411,1843,1555.8,585873.36,1262.07,0.499333333
Sunflower,2019,Summer     ,Maharashtra,5161,3511,1555.8,886453.36,1909.57,0.879
Tobacco,2019,Whole Year ,Maharashtra,456,828,1555.8,78322.56,168.72,1.82
Urad,2019,Kharif     ,Maharashtra,340529,151195,1555.8,58489261.04,125995.73,0.45625
Wheat,2019,Rabi       ,Maharashtra,1056965,1793440,1555.8,181544308.4,391077.05,1.564
other oilseeds,2019,Kharif     ,Maharashtra,10634,3249,1555.8,1826495.84,3934.58,0.271363636
other oilseeds,2019,Rabi       ,Maharashtra,10517,3231,1555.8,1806399.92,3891.29,0.379666667
other oilseeds,2019,Summer     ,Maharashtra,1276,686,1555.8,219165.76,472.12,0.3625
Arhar/Tur,2019,Kharif     ,Mizoram,290,325,2178.5,49810.4,107.3,1.26
Arhar/Tur,2019,Rabi       ,Mizoram,47,44,2178.5,8072.72,17.39,0.94
Cotton(lint),2019,Kharif     ,Mizoram,23,13,2178.5,3950.48,8.51,0.58
Cowpea(Lobia),2019,Kharif     ,Mizoram,1033,1469,2178.5,177428.08,382.21,1.32625
Cowpea(Lobia),2019,Rabi       ,Mizoram,113,153,2178.5,19408.88,41.81,1.532
Maize,2019,Kharif     ,Mizoram,5860,10903,2178.5,1006513.6,2168.2,1.77625
Maize,2019,Rabi       ,Mizoram,493,765,2178.5,84677.68,182.41,1.645
Onion,2019,Rabi       ,Mizoram,18.3,34,2178.5,3143.208,6.771,3.76
Other  Rabi pulses,2019,Rabi       ,Mizoram,1806,2517,2178.5,310198.56,668.22,1.392857143
Other Kharif pulses,2019,Kharif     ,Mizoram,762.5,999,2178.5,130967,282.125,1.32
Potato,2019,Kharif     ,Mizoram,53,177,2178.5,9103.28,19.61,4.245
Potato,2019,Rabi       ,Mizoram,91,357,2178.5,15630.16,33.67,3.506666667
Rapeseed &Mustard,2019,Kharif     ,Mizoram,23,17,2178.5,3950.48,8.51,0.84
Rapeseed &Mustard,2019,Rabi       ,Mizoram,551,411,2178.5,94639.76,203.87,0.775
Rice,2019,Autumn     ,Mizoram,18510,22904,2178.5,3179277.6,6848.7,1.18875
Rice,2019,Kharif     ,Mizoram,16232,36357,2178.5,2788008.32,6005.84,2.2025
Rice,2019,Rabi       ,Mizoram,468,978,2178.5,80383.68,173.16,2.135
Sesamum,2019,Kharif     ,Mizoram,756,529,2178.5,129850.56,279.72,0.75
Soyabean,2019,Kharif     ,Mizoram,1121,1827,2178.5,192542.96,414.77,1.335
Sugarcane,2019,Whole Year ,Mizoram,1468,46842,2178.5,252143.68,543.16,30.28571429
Tapioca,2019,Kharif     ,Mizoram,137,846,2178.5,23531.12,50.69,6.4525
Tobacco,2019,Kharif     ,Mizoram,300,460,2178.5,51528,111,1.285
other oilseeds,2019,Kharif     ,Mizoram,26642,4599,2178.5,4576029.92,9857.54,0.114285714
Arhar/Tur,2019,Kharif     ,Nagaland,3210,2920,1593,551349.6,1187.7,0.907272727
Bajra,2019,Kharif     ,Nagaland,710,720,1593,121949.6,262.7,0.995454545
Barley,2019,Rabi       ,Nagaland,560,580,1593,96185.6,207.2,1.033636364
Castor seed,2019,Kharif     ,Nagaland,360,240,1593,61833.6,133.2,0.605555556
Cotton(lint),2019,Kharif     ,Nagaland,5.7,4,1593,979.032,2.109,0.615
Cowpea(Lobia),2019,Kharif     ,Nagaland,560,830,1593,96185.6,207.2,1.483333333
Ginger,2019,Kharif     ,Nagaland,4020,36780,1593,690475.2,1487.4,9.150909091
Gram,2019,Rabi       ,Nagaland,760,640,1593,130537.6,281.2,0.834545455
Groundnut,2019,Kharif     ,Nagaland,1050,1100,1593,180348,388.5,1.045454545
Horse-gram,2019,Kharif     ,Nagaland,540,580,1593,92750.4,199.8,1.041818182
Jowar,2019,Kharif     ,Nagaland,280,270,1593,48092.8,103.6,0.966
Jute,2019,Kharif     ,Nagaland,3080,5870,1593,529020.8,1139.6,1.9025
Linseed,2019,Rabi       ,Nagaland,5860,4770,1593,1006513.6,2168.2,0.811818182
Maize,2019,Kharif     ,Nagaland,63740,126460,1593,10947982.4,23583.8,1.982727273
Maize,2019,Rabi       ,Nagaland,5390,10700,1593,925786.4,1994.3,1.983333333
Masoor,2019,Rabi       ,Nagaland,2210,1820,1593,379589.6,817.7,0.825555556
Mesta,2019,Kharif     ,Nagaland,1960,2160,1593,336649.6,725.2,1.093636364
Moong(Green Gram),2019,Kharif     ,Nagaland,480,500,1593,82444.8,177.6,1.026666667
Other  Rabi pulses,2019,Rabi       ,Nagaland,10830,13810,1593,1860160.8,4007.1,1.281111111
Other Cereals,2019,Kharif     ,Nagaland,1280,1330,1593,219852.8,473.6,1.041111111
Other Cereals,2019,Rabi       ,Nagaland,450,460,1593,77292,166.5,1.011818182
Other Kharif pulses,2019,Kharif     ,Nagaland,11300,13830,1593,1940888,4181,1.209
Peas & beans (Pulses),2019,Kharif     ,Nagaland,2300,3140,1593,395048,851,1.362
Peas & beans (Pulses),2019,Rabi       ,Nagaland,7290,8030,1593,1252130.4,2697.3,1.100909091
Potato,2019,Rabi       ,Nagaland,7540,75460,1593,1295070.4,2789.8,9.997272727
Ragi,2019,Kharif     ,Nagaland,350,340,1593,60116,129.5,0.982857143
Rapeseed &Mustard,2019,Rabi       ,Nagaland,27490,27820,1593,4721682.4,10171.3,1.011818182
Rice,2019,Kharif     ,Nagaland,211280,528920,1593,36289452.8,78173.6,2.459090909
Rice,2019,Rabi       ,Nagaland,5670,16050,1593,973879.2,2097.9,2.83
Sesamum,2019,Kharif     ,Nagaland,3740,2290,1593,642382.4,1383.8,0.613636364
Small millets,2019,Kharif     ,Nagaland,8830,9980,1593,1516640.8,3267.1,1.169
Soyabean,2019,Kharif     ,Nagaland,25170,31770,1593,4323199.2,9312.9,1.254545455
Sugarcane,2019,Kharif     ,Nagaland,4450,193620,1593,764332,1646.5,43.47545455
Sunflower,2019,Kharif     ,Nagaland,360,320,1593,61833.6,133.2,0.898333333
Sunflower,2019,Rabi       ,Nagaland,2370,1450,1593,407071.2,876.9,0.614
Sweet potato,2019,Kharif     ,Nagaland,1880,16010,1593,322908.8,695.6,8.515454545
Tapioca,2019,Kharif     ,Nagaland,2750,55720,1593,472340,1017.5,20.26272727
Urad,2019,Rabi       ,Nagaland,830,680,1593,142560.8,307.1,0.810909091
Wheat,2019,Rabi       ,Nagaland,3430,6280,1593,589136.8,1269.1,1.831111111
other oilseeds,2019,Kharif     ,Nagaland,2550,1540,1593,437988,943.5,0.603333333
Arhar/Tur,2019,Kharif     ,Odisha,128630,144580,1593.9,22093488.8,47593.1,0.973461538
Bajra,2019,Kharif     ,Odisha,1870,1160,1593.9,321191.2,691.9,0.678
Castor seed,2019,Kharif     ,Odisha,4510,2910,1593.9,774637.6,1668.7,0.909
Castor seed,2019,Rabi       ,Odisha,2280,1510,1593.9,391612.8,843.6,0.701538462
Coriander,2019,Rabi       ,Odisha,19980,13140,1593.9,3431764.8,7392.6,0.614666667
Cotton(lint),2019,Kharif     ,Odisha,169560,578500,1593.9,29123625.6,62737.2,3.399166667
Cowpea(Lobia),2019,Kharif     ,Odisha,40330,30010,1593.9,6927080.8,14922.1,0.730666667
Cowpea(Lobia),2019,Rabi       ,Odisha,27980,20670,1593.9,4805844.8,10352.6,0.7432
Dry chillies,2019,Kharif     ,Odisha,24910,23360,1593.9,4278541.6,9216.7,0.938666667
Dry chillies,2019,Rabi       ,Odisha,50090,65410,1593.9,8603458.4,18533.3,1.374
Garlic,2019,Rabi       ,Odisha,13500,49530,1593.9,2318760,4995,4.251428571
Ginger,2019,Kharif     ,Odisha,17140,228840,1593.9,2943966.4,6341.8,13.45275862
Gram,2019,Rabi       ,Odisha,27820,21670,1593.9,4778363.2,10293.4,0.799285714
Groundnut,2019,Autumn     ,Odisha,9663,11486,1593.9,1659716.88,3575.31,1.357894737
Groundnut,2019,Summer     ,Odisha,18352,41013,1593.9,3152139.52,6790.24,1.848076923
Groundnut,2019,Winter     ,Odisha,1422,2262,1593.9,244242.72,526.14,1.509090909
Horse-gram,2019,Summer     ,Odisha,36,23,1593.9,6183.36,13.32,0.63
Horse-gram,2019,Winter     ,Odisha,22722,8999,1593.9,3902730.72,8407.14,0.400344828
Jowar,2019,Kharif     ,Odisha,5810,3680,1593.9,997925.6,2149.7,0.648
Jute,2019,Autumn     ,Odisha,147,319,1593.9,25248.72,54.39,1.94
Linseed,2019,Rabi       ,Odisha,10170,5040,1593.9,1746799.2,3762.9,0.519230769
Maize,2019,Autumn     ,Odisha,61041,175675,1593.9,10484402.16,22585.17,2.048181818
Maize,2019,Summer     ,Odisha,3934,13113,1593.9,675703.84,1455.58,2.243
Maize,2019,Winter     ,Odisha,95,226,1593.9,16317.2,35.15,2.48125
Masoor,2019,Rabi       ,Odisha,9340,4940,1593.9,1604238.4,3455.8,0.535714286
Mesta,2019,Kharif     ,Odisha,4690,23420,1593.9,805554.4,1735.3,4.85
Moong(Green Gram),2019,Autumn     ,Odisha,10656,3144,1593.9,1830274.56,3942.72,0.370909091
Moong(Green Gram),2019,Summer     ,Odisha,169358,57566,1593.9,29088930.08,62662.46,0.431538462
Moong(Green Gram),2019,Winter     ,Odisha,60116,20003,1593.9,10325524.16,22242.92,0.386818182
Niger seed,2019,Winter     ,Odisha,15898,5699,1593.9,2730640.48,5882.26,0.287
Onion,2019,Rabi       ,Odisha,35120,437140,1593.9,6032211.2,12994.4,12.21413793
Other  Rabi pulses,2019,Rabi       ,Odisha,77940,37960,1593.9,13386974.4,28837.8,0.465909091
Other Kharif pulses,2019,Kharif     ,Odisha,80810,36040,1593.9,13879925.6,29899.7,0.44
Peas & beans (Pulses),2019,Rabi       ,Odisha,33400,25620,1593.9,5736784,12358,0.77
Potato,2019,Winter     ,Odisha,4397,46961,1593.9,755228.72,1626.89,11.34730769
Ragi,2019,Autumn     ,Odisha,9588,7154,1593.9,1646834.88,3547.56,0.620833333
Ragi,2019,Summer     ,Odisha,381,288,1593.9,65440.56,140.97,0.613333333
Ragi,2019,Winter     ,Odisha,25919,18778,1593.9,4451847.44,9590.03,0.5725
Rapeseed &Mustard,2019,Winter     ,Odisha,6952,2039,1593.9,1194075.52,2572.24,0.263333333
Rice,2019,Autumn     ,Odisha,426080,769480,1593.9,73183500.8,157649.6,1.8825
Rice,2019,Summer     ,Odisha,292610,932910,1593.9,50258693.6,108265.7,2.796896552
Rice,2019,Winter     ,Odisha,3222020,8052660,1593.9,553414155.2,1192147.4,2.564666667
Safflower,2019,Rabi       ,Odisha,300,180,1593.9,51528,111,0.623333333
Sannhamp,2019,Kharif     ,Odisha,4880,25590,1593.9,838188.8,1805.6,4.954
Sesamum,2019,Autumn     ,Odisha,1935,594,1593.9,332355.6,715.95,0.428333333
Sesamum,2019,Summer     ,Odisha,2603,570,1593.9,447091.28,963.11,0.293333333
Sesamum,2019,Winter     ,Odisha,9457,2914,1593.9,1624334.32,3499.09,0.2275
Small millets,2019,Kharif     ,Odisha,32870,16990,1593.9,5645751.2,12161.9,0.498125
Sugarcane,2019,Winter     ,Odisha,8948,504870,1593.9,1536908.48,3310.76,56.56238095
Sunflower,2019,Kharif     ,Odisha,630,470,1593.9,108208.8,233.1,0.8275
Sunflower,2019,Rabi       ,Odisha,15930,20480,1593.9,2736136.8,5894.1,1.288333333
Sweet potato,2019,Kharif     ,Odisha,36270,350740,1593.9,6229735.2,13419.9,9.507666667
Sweet potato,2019,Rabi       ,Odisha,6610,59200,1593.9,1135333.6,2445.7,8.970909091
Tobacco,2019,Rabi       ,Odisha,130,90,1593.9,22328.8,48.1,0.69
Turmeric,2019,Kharif     ,Odisha,30000,60000,1593.9,5152800,11100,2.274482759
Urad,2019,Autumn     ,Odisha,10170,2986,1593.9,1746799.2,3762.9,0.318181818
Urad,2019,Summer     ,Odisha,8522,3212,1593.9,1463738.72,3153.14,0.409090909
Urad,2019,Winter     ,Odisha,38948,15020,1593.9,6689708.48,14410.76,0.373076923
Wheat,2019,Summer     ,Odisha,118,164,1593.9,20267.68,43.66,1.495
Arhar/Tur,2019,Kharif     ,Punjab,2000,2200,653.2,343520,740,1.118571429
Bajra,2019,Kharif     ,Punjab,500,300,653.2,85880,185,0.585
Barley,2019,Rabi       ,Punjab,6200,23400,653.2,1064912,2294,3.646666667
Cotton(lint),2019,Kharif     ,Punjab,248000,1206400,653.2,42596480,91760,4.764444444
Gram,2019,Rabi       ,Punjab,1500,1800,653.2,257640,555,1.17
Groundnut,2019,Kharif     ,Punjab,1400,2800,653.2,240464,518,2
Guar seed,2019,Kharif     ,Punjab,16300,13800,653.2,2799688,6031,0.8975
Maize,2019,Kharif     ,Punjab,114600,410500,653.2,19683696,42402,3.539444444
Masoor,2019,Rabi       ,Punjab,800,400,653.2,137408,296,0.5
Moong(Green Gram),2019,Kharif     ,Punjab,2600,2300,653.2,446576,962,0.836666667
Moong(Green Gram),2019,Rabi       ,Punjab,21300,19500,653.2,3658488,7881,0.915714286
Peas & beans (Pulses),2019,Rabi       ,Punjab,1800,1600,653.2,309168,666,1.008571429
Rapeseed &Mustard,2019,Rabi       ,Punjab,28400,42600,653.2,4877984,10508,1.51
Rice,2019,Kharif     ,Punjab,3142000,12675000,653.2,539669920,1162540,3.930909091
Sesamum,2019,Kharif     ,Punjab,2600,1000,653.2,446576,962,0.39875
Sugarcane,2019,Whole Year ,Punjab,91000,7302000,653.2,15630160,33670,81.60705882
Sunflower,2019,Rabi       ,Punjab,4300,8000,653.2,738568,1591,1.872
Urad,2019,Kharif     ,Punjab,2000,1200,653.2,343520,740,0.818
Wheat,2019,Rabi       ,Punjab,3521000,17619000,653.2,604766960,1302770,4.892272727
other oilseeds,2019,Rabi       ,Punjab,2600,3300,653.2,446576,962,1.39
Arhar/Tur,2019,Kharif     ,Telangana,294597,265906,1031.7,50599980.72,109000.89,1.5628125
Arhar/Tur,2019,Rabi       ,Telangana,333,230,1031.7,57196.08,123.21,0.775833333
Bajra,2019,Kharif     ,Telangana,829,1007,1031.7,142389.04,306.73,1.1275
Bajra,2019,Rabi       ,Telangana,8250,9509,1031.7,1417020,3052.5,1.005833333
Banana,2019,Kharif     ,Telangana,1670,98707,1031.7,286839.2,617.9,59.12423077
Cashewnut,2019,Kharif     ,Telangana,1521,465,1031.7,261246.96,562.77,0.306666667
Castor seed,2019,Kharif     ,Telangana,25921,33945,1031.7,4452190.96,9590.77,1.277222222
Castor seed,2019,Rabi       ,Telangana,2046,3313,1031.7,351420.96,757.02,1.235714286
Coriander,2019,Kharif     ,Telangana,48,45,1031.7,8244.48,17.76,0.97875
Coriander,2019,Rabi       ,Telangana,585,542,1031.7,100479.6,216.45,1.016
Cotton(lint),2019,Kharif     ,Telangana,2126621,6833175,1031.7,365268423,786849.77,3.2490625
Cowpea(Lobia),2019,Kharif     ,Telangana,781,552,1031.7,134144.56,288.97,0.7692
Cowpea(Lobia),2019,Rabi       ,Telangana,2378,2311,1031.7,408445.28,879.86,0.965172414
Dry chillies,2019,Kharif     ,Telangana,72080,386314,1031.7,12380460.8,26669.6,5.056451613
Dry chillies,2019,Rabi       ,Telangana,8499,50064,1031.7,1459788.24,3144.63,5.682608696
Garlic,2019,Rabi       ,Telangana,23,108,1031.7,3950.48,8.51,4.578333333
Ginger,2019,Kharif     ,Telangana,2409,15903,1031.7,413769.84,891.33,6.696
Gram,2019,Rabi       ,Telangana,129914,199000,1031.7,22314028.64,48068.18,1.475333333
Groundnut,2019,Kharif     ,Telangana,12363,33907,1031.7,2123468.88,4574.31,2.6504
Groundnut,2019,Rabi       ,Telangana,98576,231466,1031.7,16931413.76,36473.12,2.293870968
Horse-gram,2019,Kharif     ,Telangana,431,371,1031.7,74028.56,159.47,0.818333333
Horse-gram,2019,Rabi       ,Telangana,619,539,1031.7,106319.44,229.03,0.870526316
Jowar,2019,Kharif     ,Telangana,57139,67628,1031.7,9814194.64,21141.43,1.164482759
Jowar,2019,Rabi       ,Telangana,31090,66128,1031.7,5340018.4,11503.3,1.984814815
Maize,2019,Kharif     ,Telangana,390692,1893085,1031.7,67105257.92,144556.04,5.12125
Maize,2019,Rabi       ,Telangana,252561,1750601,1031.7,43379877.36,93447.57,6.5721875
Moong(Green Gram),2019,Kharif     ,Telangana,59908,47192,1031.7,10289798.08,22165.96,0.750967742
Moong(Green Gram),2019,Rabi       ,Telangana,5904,5598,1031.7,1014071.04,2184.48,0.953214286
Onion,2019,Kharif     ,Telangana,2383,53176,1031.7,409304.08,881.71,21.95478261
Onion,2019,Rabi       ,Telangana,5026,172149,1031.7,863265.76,1859.62,32.85966667
Potato,2019,Kharif     ,Telangana,3,0,1031.7,515.28,1.11,0
Potato,2019,Rabi       ,Telangana,994,12455,1031.7,170729.44,367.78,12.98
Ragi,2019,Kharif     ,Telangana,1488,2355,1031.7,255578.88,550.56,1.644285714
Ragi,2019,Rabi       ,Telangana,262,417,1031.7,45001.12,96.94,1.572857143
Rice,2019,Kharif     ,Telangana,1631151,5985349,1031.7,280166495.8,603525.87,3.575625
Rice,2019,Rabi       ,Telangana,1585062,5900447,1031.7,272250249.1,586472.94,3.610625
Safflower,2019,Kharif     ,Telangana,1,0,1031.7,171.76,0.37,0
Safflower,2019,Rabi       ,Telangana,1584,1750,1031.7,272067.84,586.08,1.106363636
Sesamum,2019,Kharif     ,Telangana,495,72,1031.7,85021.2,183.15,0.095
Sesamum,2019,Rabi       ,Telangana,19765,12579,1031.7,3394836.4,7313.05,0.653
Small millets,2019,Kharif     ,Telangana,924,1579,1031.7,158706.24,341.88,1.692
Small millets,2019,Rabi       ,Telangana,69,106,1031.7,11851.44,25.53,1.825
Soyabean,2019,Kharif     ,Telangana,172092,311224,1031.7,29558521.92,63674.04,1.791176471
Sugarcane,2019,Kharif     ,Telangana,26115,2021771,1031.7,4485512.4,9662.55,84.7273913
Sunflower,2019,Kharif     ,Telangana,63,141,1031.7,10820.88,23.31,2.268
Sunflower,2019,Rabi       ,Telangana,4469,9969,1031.7,767595.44,1653.53,2.166153846
Sweet potato,2019,Kharif     ,Telangana,15,235,1031.7,2576.4,5.55,15.76666667
Sweet potato,2019,Rabi       ,Telangana,108,1693,1031.7,18550.08,39.96,15.6875
Tobacco,2019,Kharif     ,Telangana,1358,4173,1031.7,233250.08,502.46,3.01
Tobacco,2019,Rabi       ,Telangana,1595,4962,1031.7,273957.2,590.15,3.037777778
Turmeric,2019,Kharif     ,Telangana,55444,386596,1031.7,9523061.44,20514.28,7.013181818
Urad,2019,Kharif     ,Telangana,14723,13805,1031.7,2528822.48,5447.51,0.931481481
Urad,2019,Rabi       ,Telangana,6816,12269,1031.7,1170716.16,2521.92,1.787692308
Wheat,2019,Kharif     ,Telangana,1,0,1031.7,171.76,0.37,0
Wheat,2019,Rabi       ,Telangana,4471,8237,1031.7,767938.96,1654.27,1.798461538
Arhar/Tur,2019,Kharif     ,Tripura,4832,3873,2252.8,829944.32,1787.84,0.78875
Cotton(lint),2019,Kharif     ,Tripura,760,1138,2252.8,130537.6,281.2,1.3975
Cowpea(Lobia),2019,Kharif     ,Tripura,4032,3178,2252.8,692536.32,1491.84,0.77625
Gram,2019,Rabi       ,Tripura,291,181,2252.8,49982.16,107.67,0.62
Groundnut,2019,Kharif     ,Tripura,1207,1615,2252.8,207314.32,446.59,1.345
Groundnut,2019,Rabi       ,Tripura,1160,1749,2252.8,199241.6,429.2,1.48875
Jowar,2019,Kharif     ,Tripura,545,451,2252.8,93609.2,201.65,0.817142857
Jowar,2019,Rabi       ,Tripura,335,269,2252.8,57539.6,123.95,0.8275
Jute,2019,Kharif     ,Tripura,623,5731,2252.8,107006.48,230.51,9.0875
Khesari,2019,Rabi       ,Tripura,52,35,2252.8,8931.52,19.24,0.685714286
Maize,2019,Kharif     ,Tripura,12485,17757,2252.8,2144423.6,4619.45,1.42
Maize,2019,Rabi       ,Tripura,2150,5217,2252.8,369284,795.5,2.41875
Masoor,2019,Rabi       ,Tripura,2214,1657,2252.8,380276.64,819.18,0.7375
Mesta,2019,Kharif     ,Tripura,430,3838,2252.8,73856.8,159.1,8.52125
Moong(Green Gram),2019,Kharif     ,Tripura,2262,1462,2252.8,388521.12,836.94,0.63875
Moong(Green Gram),2019,Rabi       ,Tripura,1770,1220,2252.8,304015.2,654.9,0.68875
Other  Rabi pulses,2019,Rabi       ,Tripura,872,804,2252.8,149774.72,322.64,0.925
Other Kharif pulses,2019,Kharif     ,Tripura,126,124,2252.8,21641.76,46.62,0.97375
Peas & beans (Pulses),2019,Rabi       ,Tripura,3200,2831,2252.8,549632,1184,0.8575
Rapeseed &Mustard,2019,Rabi       ,Tripura,7895,6668,2252.8,1356045.2,2921.15,0.84875
Rice,2019,Autumn     ,Tripura,34235,94357,2252.8,5880203.6,12666.95,2.6425
Rice,2019,Kharif     ,Tripura,15228,16175,2252.8,2615561.28,5634.36,1.06875
Rice,2019,Summer     ,Tripura,70577,228104,2252.8,12122305.52,26113.49,3.13
Rice,2019,Winter     ,Tripura,147295,471608,2252.8,25299389.2,54499.15,3.17375
Sesamum,2019,Kharif     ,Tripura,6611,4210,2252.8,1135505.36,2446.07,0.65625
Small millets,2019,Kharif     ,Tripura,458,380,2252.8,78666.08,169.46,0.8175
Soyabean,2019,Kharif     ,Tripura,35,26,2252.8,6011.6,12.95,0.7325
Soyabean,2019,Rabi       ,Tripura,179,139,2252.8,30745.04,66.23,0.78125
Sugarcane,2019,Whole Year ,Tripura,687,36372,2252.8,117999.12,254.19,54.42375
Urad,2019,Kharif     ,Tripura,2952,1857,2252.8,507035.52,1092.24,0.6275
Urad,2019,Rabi       ,Tripura,1967,1445,2252.8,337851.92,727.79,0.72875
Wheat,2019,Rabi       ,Tripura,148,331,2252.8,25420.48,54.76,2.228333333
other oilseeds,2019,Rabi       ,Tripura,93,74,2252.8,15973.68,34.41,0.756666667
Arhar/Tur,2019,Kharif     ,Uttar Pradesh,285000,279213,814.5,48951600,105450,0.919565217
Bajra,2019,Kharif     ,Uttar Pradesh,917090,1939329,814.5,157519378.4,339323.3,1.9009375
Banana,2019,Summer     ,Uttar Pradesh,72585,3332135,814.5,12467199.6,26856.45,46.33580645
Barley,2019,Rabi       ,Uttar Pradesh,166979,523051,814.5,28680313.04,61782.23,3.205555556
Coriander,2019,Rabi       ,Uttar Pradesh,7090,5116,814.5,1217778.4,2623.3,0.725076923
Cotton(lint),2019,Kharif     ,Uttar Pradesh,3185,7429,814.5,547055.6,1178.45,2.305555556
Dry chillies,2019,Kharif     ,Uttar Pradesh,13547,11808,814.5,2326832.72,5012.39,0.880857143
Garlic,2019,Rabi       ,Uttar Pradesh,34638,207886,814.5,5949422.88,12816.06,6.00031746
Ginger,2019,Kharif     ,Uttar Pradesh,880,4620,814.5,151148.8,325.6,5.2475
Gram,2019,Rabi       ,Uttar Pradesh,620776,851211,814.5,106624485.8,229687.12,1.258
Groundnut,2019,Kharif     ,Uttar Pradesh,93822,88371,814.5,16114866.72,34714.14,1.081904762
Guar seed,2019,Kharif     ,Uttar Pradesh,1979,1418,814.5,339913.04,732.23,0.710877193
Jowar,2019,Kharif     ,Uttar Pradesh,168047,226638,814.5,28863752.72,62177.39,1.206296296
Linseed,2019,Rabi       ,Uttar Pradesh,27073,18626,814.5,4650058.48,10017.01,0.693695652
Maize,2019,Kharif     ,Uttar Pradesh,665264,1641286,814.5,114265744.6,246147.68,2.039466667
Maize,2019,Rabi       ,Uttar Pradesh,14992,42414,814.5,2575025.92,5547.04,2.745813953
Maize,2019,Summer     ,Uttar Pradesh,48817,120432,814.5,8384807.92,18062.29,2.467962963
Masoor,2019,Rabi       ,Uttar Pradesh,463374,453266,814.5,79589118.24,171448.38,0.910540541
Moong(Green Gram),2019,Kharif     ,Uttar Pradesh,48924,14042,814.5,8403186.24,18101.88,0.404264706
Moong(Green Gram),2019,Summer     ,Uttar Pradesh,44372,39252,814.5,7621334.72,16417.64,0.854363636
Onion,2019,Rabi       ,Uttar Pradesh,11734,167327,814.5,2015431.84,4341.58,14.46173333
Onion,2019,Summer     ,Uttar Pradesh,16231,265715,814.5,2787836.56,6005.47,16.15106061
Peas & beans (Pulses),2019,Rabi       ,Uttar Pradesh,343563,565256,814.5,59010380.88,127118.31,1.443150685
Potato,2019,Rabi       ,Uttar Pradesh,552382,14869966,814.5,94877132.32,204381.34,25.4704
Rapeseed &Mustard,2019,Rabi       ,Uttar Pradesh,702889,885907,814.5,120728214.6,260068.93,1.101066667
Rice,2019,Kharif     ,Uttar Pradesh,5898690,16947998,814.5,1013158994,2182515.3,2.823466667
Rice,2019,Summer     ,Uttar Pradesh,25659,79891,814.5,4407189.84,9493.83,2.968717949
Sannhamp,2019,Kharif     ,Uttar Pradesh,1613,460,814.5,277048.88,596.81,0.3071875
Sesamum,2019,Kharif     ,Uttar Pradesh,355909,65536,814.5,61130929.84,131686.33,0.174347826
Small millets,2019,Kharif     ,Uttar Pradesh,8134,5923,814.5,1397095.84,3009.58,0.683333333
Small millets,2019,Summer     ,Uttar Pradesh,53,48,814.5,9103.28,19.61,0.946
Soyabean,2019,Kharif     ,Uttar Pradesh,22402,11497,814.5,3847767.52,8288.74,0.471818182
Sugarcane,2019,Kharif     ,Uttar Pradesh,2208347,179567765,814.5,379305680.7,817088.39,70.96973333
Sunflower,2019,Summer     ,Uttar Pradesh,3421,4727,814.5,587590.96,1265.77,1.350294118
Sweet potato,2019,Kharif     ,Uttar Pradesh,15852,186148,814.5,2722739.52,5865.24,11.75044118
Tobacco,2019,Rabi       ,Uttar Pradesh,34796,97646,814.5,5976560.96,12874.52,2.738333333
Tobacco,2019,Summer     ,Uttar Pradesh,250,461,814.5,42940,92.5,1.946666667
Turmeric,2019,Rabi       ,Uttar Pradesh,1894,2669,814.5,325313.44,700.78,1.305
Urad,2019,Kharif     ,Uttar Pradesh,518986,212530,814.5,89141035.36,192024.82,0.592739726
Urad,2019,Summer     ,Uttar Pradesh,45487,32575,814.5,7812847.12,16830.19,0.788070175
Wheat,2019,Rabi       ,Uttar Pradesh,9852504,36209665,814.5,1692266087,3645426.48,3.688533333
Arhar/Tur,2019,Kharif     ,Uttarakhand,3182,2735,1378.9,546540.32,1177.34,0.761
Barley,2019,Rabi       ,Uttarakhand,20117,28539,1378.9,3455295.92,7443.29,1.604615385
Garlic,2019,Whole Year ,Uttarakhand,4600,34716,1378.9,790096,1702,5.727727273
Gram,2019,Rabi       ,Uttarakhand,722,547,1378.9,124010.72,267.14,0.74
Groundnut,2019,Kharif     ,Uttarakhand,669,706,1378.9,114907.44,247.53,0.985
Horse-gram,2019,Kharif     ,Uttarakhand,13223,12194,1378.9,2271182.48,4892.51,0.931818182
Maize,2019,Kharif     ,Uttarakhand,21193,40823,1378.9,3640109.68,7841.41,1.706923077
Maize,2019,Summer     ,Uttarakhand,362,491,1378.9,62177.12,133.94,1.7
Masoor,2019,Rabi       ,Uttarakhand,10246,10405,1378.9,1759852.96,3791.02,0.96
Moong(Green Gram),2019,Kharif     ,Uttarakhand,2,2,1378.9,343.52,0.74,1
Moong(Green Gram),2019,Summer     ,Uttarakhand,10,6,1378.9,1717.6,3.7,0.62
Moth,2019,Kharif     ,Uttarakhand,9,5,1378.9,1545.84,3.33,0.56
Onion,2019,Whole Year ,Uttarakhand,3474,56216,1378.9,596694.24,1285.38,16.14615385
Other  Rabi pulses,2019,Rabi       ,Uttarakhand,51,42,1378.9,8759.76,18.87,0.853333333
Other Cereals,2019,Kharif     ,Uttarakhand,777,789,1378.9,133457.52,287.49,0.952
Other Cereals,2019,Rabi       ,Uttarakhand,371,297,1378.9,63722.96,137.27,0.8
Other Kharif pulses,2019,Kharif     ,Uttarakhand,14318,14866,1378.9,2459259.68,5297.66,1.02
Peas & beans (Pulses),2019,Rabi       ,Uttarakhand,5903,5153,1378.9,1013899.28,2184.11,0.640769231
Potato,2019,Kharif     ,Uttarakhand,8156,86509,1378.9,1400874.56,3017.72,11.09181818
Potato,2019,Rabi       ,Uttarakhand,6411,76031,1378.9,1101153.36,2372.07,11.32923077
Ragi,2019,Kharif     ,Uttarakhand,91584,129994,1378.9,15730467.84,33886.08,1.525454545
Rapeseed &Mustard,2019,Rabi       ,Uttarakhand,12639,12472,1378.9,2170874.64,4676.43,0.860769231
Rice,2019,Kharif     ,Uttarakhand,240411,615514,1378.9,41292993.36,88952.07,1.933846154
Rice,2019,Summer     ,Uttarakhand,17370,61915,1378.9,2983471.2,6426.9,3.563333333
Sesamum,2019,Kharif     ,Uttarakhand,2052,620,1378.9,352451.52,759.24,0.326153846
Small millets,2019,Kharif     ,Uttarakhand,50305,67967,1378.9,8640386.8,18612.85,1.325454545
Soyabean,2019,Kharif     ,Uttarakhand,8003,8838,1378.9,1374595.28,2961.11,1.178333333
Sugarcane,2019,Whole Year ,Uttarakhand,90688,6838266,1378.9,15576570.88,33554.56,75.7
Sunflower,2019,Kharif     ,Uttarakhand,28,17,1378.9,4809.28,10.36,0.75
Tobacco,2019,Whole Year ,Uttarakhand,3,6,1378.9,515.28,1.11,2
Turmeric,2019,Whole Year ,Uttarakhand,1313,4270,1378.9,225520.88,485.81,3.042
Urad,2019,Kharif     ,Uttarakhand,13173,12233,1378.9,2262594.48,4874.01,0.976153846
Urad,2019,Summer     ,Uttarakhand,69,72,1378.9,11851.44,25.53,1.02
Wheat,2019,Rabi       ,Uttarakhand,303283,887440,1378.9,52091888.08,112214.71,2.376923077
other oilseeds,2019,Kharif     ,Uttarakhand,12,9,1378.9,2061.12,4.44,0.82
other oilseeds,2019,Rabi       ,Uttarakhand,4,3,1378.9,687.04,1.48,0.835
Arhar/Tur,2019,Rabi       ,West Bengal,4845,12768,1733.4,832177.2,1792.65,2.699333333
Bajra,2019,Kharif     ,West Bengal,68,27,1733.4,11679.68,25.16,0.4
Barley,2019,Rabi       ,West Bengal,278,599,1733.4,47749.28,102.86,2.073333333
Coconut ,2019,Whole Year ,West Bengal,31300,390028000,1733.4,5376088,11581,11918.29136
Cotton(lint),2019,Kharif     ,West Bengal,305,590,1733.4,52386.8,112.85,1.18
Gram,2019,Rabi       ,West Bengal,36103,47419,1733.4,6201051.28,13358.11,1.294705882
Groundnut,2019,Autumn     ,West Bengal,4110,4605,1733.4,705933.6,1520.7,1.322857143
Groundnut,2019,Rabi       ,West Bengal,4687,9127,1733.4,805039.12,1734.19,1.797272727
Groundnut,2019,Summer     ,West Bengal,62233,142367,1733.4,10689140.08,23026.21,2.141052632
Horse-gram,2019,Rabi       ,West Bengal,1739,919,1733.4,298690.64,643.43,0.563
Jowar,2019,Autumn     ,West Bengal,180,95,1733.4,30916.8,66.6,0.515
Jute,2019,Kharif     ,West Bengal,505226,7901396,1733.4,86777617.76,186933.62,17.48388889
Khesari,2019,Rabi       ,West Bengal,97112,85928,1733.4,16679957.12,35931.44,1.003333333
Linseed,2019,Rabi       ,West Bengal,4055,2098,1733.4,696486.8,1500.35,0.515625
Maize,2019,Autumn     ,West Bengal,50026,170292,1733.4,8592465.76,18509.62,3.178333333
Maize,2019,Rabi       ,West Bengal,171547,1284319,1733.4,29464912.72,63472.39,4.138235294
Maize,2019,Summer     ,West Bengal,140811,992934,1733.4,24185697.36,52100.07,3.916666667
Masoor,2019,Rabi       ,West Bengal,172025,143792,1733.4,29547014,63649.25,0.749047619
Mesta,2019,Kharif     ,West Bengal,12434,166211,1733.4,2135663.84,4600.58,11.719375
Moong(Green Gram),2019,Kharif     ,West Bengal,2249,1896,1733.4,386288.24,832.13,0.874444444
Moong(Green Gram),2019,Rabi       ,West Bengal,1900,1497,1733.4,326344,703,0.756666667
Moong(Green Gram),2019,Summer     ,West Bengal,70233,28665,1733.4,12063220.08,25986.21,0.747619048
Niger seed,2019,Kharif     ,West Bengal,1005,519,1733.4,172618.8,371.85,0.584
Other  Rabi pulses,2019,Rabi       ,West Bengal,666,505,1733.4,114392.16,246.42,0.73
Other Kharif pulses,2019,Kharif     ,West Bengal,1523,1020,1733.4,261590.48,563.51,0.693333333
Peas & beans (Pulses),2019,Rabi       ,West Bengal,20041,19031,1733.4,3442242.16,7415.17,0.986666667
Potato,2019,Rabi       ,West Bengal,433051,12539819,1733.4,74380839.76,160228.87,27.68363636
Potato,2019,Summer     ,West Bengal,1630,19421,1733.4,279968.8,603.1,8.525
Ragi,2019,Autumn     ,West Bengal,2851,4174,1733.4,489687.76,1054.87,0.86
Rapeseed &Mustard,2019,Rabi       ,West Bengal,610402,712371,1733.4,104842647.5,225848.74,1.017272727
Rice,2019,Autumn     ,West Bengal,215126,514586,1733.4,36950041.76,79596.62,2.434285714
Rice,2019,Summer     ,West Bengal,1271772,4616835,1733.4,218439558.7,470555.64,3.464285714
Rice,2019,Winter     ,West Bengal,4004077,11344600,1733.4,687740265.5,1481508.49,2.771363636
Sannhamp,2019,Kharif     ,West Bengal,370,1539,1733.4,63551.2,136.9,4.64
Sesamum,2019,Autumn     ,West Bengal,651,549,1733.4,111815.76,240.87,0.854
Sesamum,2019,Summer     ,West Bengal,262135,133845,1733.4,45024307.6,96989.95,0.595714286
Sesamum,2019,Winter     ,West Bengal,584,451,1733.4,100307.84,216.08,1.03125
Small millets,2019,Autumn     ,West Bengal,1724,704,1733.4,296114.24,637.88,0.686666667
Small millets,2019,Rabi       ,West Bengal,4380,4830,1733.4,752308.8,1620.6,1.28
Soyabean,2019,Kharif     ,West Bengal,249,194,1733.4,42768.24,92.13,1.255
Sugarcane,2019,Whole Year ,West Bengal,19177,1527577,1733.4,3293841.52,7095.49,81.0915
Sunflower,2019,Kharif     ,West Bengal,7842,9576,1733.4,1346941.92,2901.54,1.114666667
Tobacco,2019,Whole Year ,West Bengal,15151,20457,1733.4,2602335.76,5605.87,1.51
Urad,2019,Kharif     ,West Bengal,66846,44876,1733.4,11481468.96,24733.02,0.64
Urad,2019,Rabi       ,West Bengal,5502,5215,1733.4,945023.52,2035.74,0.74
Wheat,2019,Rabi       ,West Bengal,188308,509970,1733.4,32343782.08,69673.96,2.647619048
